8390,"SEVILLA",ESP,1.0,37.2,-5.9,31,,,,,,,,,,,,,,,,,,,,,,,,,,,,,,,,,,,,,,,,,,,,,,,,,,,,,,,,,,,,,,,,
Date (MM/DD/YYYY),Time (HH:MM),ETR (W/m^2),ETRN (W/m^2),GHI (W/m^2),GHI source,GHI uncert (%),DNI (W/m^2),DNI source,DNI uncert (%),DHI (W/m^2),DHI source,DHI uncert (%),GH illum (lx),GH illum source,Global illum uncert (%),DN illum (lx),DN illum source,DN illum uncert (%),DH illum (lx),DH illum source,DH illum uncert (%),Zenith lum (cd/m^2),Zenith lum source,Zenith lum uncert (%),TotCld (tenths),TotCld source,TotCld uncert (code),OpqCld (tenths),OpqCld source,OpqCld uncert (code),Dry-bulb (C),Dry-bulb source,Dry-bulb uncert (code),Dew-point (C),Dew-point source,Dew-point uncert (code),RHum (%),RHum source,RHum uncert (code),Pressure (mbar),Pressure source,Pressure uncert (code),Wdir (degrees),Wdir source,Wdir uncert (code),Wspd (m/s),Wspd source,Wspd uncert (code),Hvis (m),Hvis source,Hvis uncert (code),CeilHgt (m),CeilHgt source,CeilHgt uncert (code),Pwat (cm),Pwat source,Pwat uncert (code),AOD (unitless),AOD source,AOD uncert (code),Alb (unitless),Alb source,Alb uncert (code),Lprecip depth (mm),Lprecip quantity (hr),Lprecip source,Lprecip uncert (code),PresWth (METAR code),PresWth source,PresWth uncert (code)
07/01/1989,1,,,,,,0,,,,,,,,,,,,,,,,,,,,,,,,23.9,,,,,,,,,944,,,230,,,3.1,,,,,,,,,,,,,,,,,,,,,,,,
07/01/1989,2,,,,,,0,,,,,,,,,,,,,,,,,,,,,,,,18.9,,,,,,,,,944,,,240,,,2.6,,,,,,,,,,,,,,,,,,,,,,,,
07/01/1989,3,,,,,,0,,,,,,,,,,,,,,,,,,,,,,,,19.4,,,,,,,,,944,,,240,,,3.1,,,,,,,,,,,,,,,,,,,,,,,,
07/01/1989,4,,,,,,0,,,,,,,,,,,,,,,,,,,,,,,,20,,,,,,,,,944,,,180,,,2.1,,,,,,,,,,,,,,,,,,,,,,,,
07/01/1989,5,,,,,,0,,,,,,,,,,,,,,,,,,,,,,,,20.6,,,,,,,,,945,,,200,,,1.5,,,,,,,,,,,,,,,,,,,,,,,,
07/01/1989,6,,,,,,0,,,,,,,,,,,,,,,,,,,,,,,,20.6,,,,,,,,,945,,,160,,,1.5,,,,,,,,,,,,,,,,,,,,,,,,
07/01/1989,7,,,,,,0,,,,,,,,,,,,,,,,,,,,,,,,20.6,,,,,,,,,945,,,0,,,0,,,,,,,,,,,,,,,,,,,,,,,,
07/01/1989,8,,,,,,498,,,,,,,,,,,,,,,,,,,,,,,,21.1,,,,,,,,,946,,,0,,,0,,,,,,,,,,,,,,,,,,,,,,,,
07/01/1989,9,,,,,,624,,,,,,,,,,,,,,,,,,,,,,,,22.2,,,,,,,,,946,,,30,,,2.1,,,,,,,,,,,,,,,,,,,,,,,,
07/01/1989,10,,,,,,722,,,,,,,,,,,,,,,,,,,,,,,,23.9,,,,,,,,,946,,,360,,,3.1,,,,,,,,,,,,,,,,,,,,,,,,
07/01/1989,11,,,,,,798,,,,,,,,,,,,,,,,,,,,,,,,26.1,,,,,,,,,945,,,90,,,2.1,,,,,,,,,,,,,,,,,,,,,,,,
07/01/1989,12,,,,,,858,,,,,,,,,,,,,,,,,,,,,,,,28.3,,,,,,,,,945,,,280,,,2.1,,,,,,,,,,,,,,,,,,,,,,,,
07/01/1989,13,,,,,,892,,,,,,,,,,,,,,,,,,,,,,,,30.6,,,,,,,,,944,,,360,,,1.5,,,,,,,,,,,,,,,,,,,,,,,,
07/01/1989,14,,,,,,905,,,,,,,,,,,,,,,,,,,,,,,,32.2,,,,,,,,,943,,,270,,,3.1,,,,,,,,,,,,,,,,,,,,,,,,
07/01/1989,15,,,,,,889,,,,,,,,,,,,,,,,,,,,,,,,33.3,,,,,,,,,942,,,330,,,1,,,,,,,,,,,,,,,,,,,,,,,,
07/01/1989,16,,,,,,851,,,,,,,,,,,,,,,,,,,,,,,,33.3,,,,,,,,,942,,,270,,,1.5,,,,,,,,,,,,,,,,,,,,,,,,
07/01/1989,17,,,,,,791,,,,,,,,,,,,,,,,,,,,,,,,33.3,,,,,,,,,941,,,310,,,1,,,,,,,,,,,,,,,,,,,,,,,,
07/01/1989,18,,,,,,712,,,,,,,,,,,,,,,,,,,,,,,,32.8,,,,,,,,,942,,,270,,,3.6,,,,,,,,,,,,,,,,,,,,,,,,
07/01/1989,19,,,,,,615,,,,,,,,,,,,,,,,,,,,,,,,31.1,,,,,,,,,942,,,230,,,4.1,,,,,,,,,,,,,,,,,,,,,,,,
07/01/1989,20,,,,,,482,,,,,,,,,,,,,,,,,,,,,,,,29.4,,,,,,,,,942,,,999,,,4.6,,,,,,,,,,,,,,,,,,,,,,,,
07/01/1989,21,,,,,,0,,,,,,,,,,,,,,,,,,,,,,,,27.2,,,,,,,,,944,,,260,,,5.1,,,,,,,,,,,,,,,,,,,,,,,,
07/01/1989,22,,,,,,0,,,,,,,,,,,,,,,,,,,,,,,,26.1,,,,,,,,,944,,,270,,,3.1,,,,,,,,,,,,,,,,,,,,,,,,
07/01/1989,23,,,,,,0,,,,,,,,,,,,,,,,,,,,,,,,25,,,,,,,,,945,,,290,,,3.1,,,,,,,,,,,,,,,,,,,,,,,,
07/01/1989,24,,,,,,0,,,,,,,,,,,,,,,,,,,,,,,,23.9,,,,,,,,,945,,,310,,,3.1,,,,,,,,,,,,,,,,,,,,,,,,
07/02/1989,1,,,,,,0,,,,,,,,,,,,,,,,,,,,,,,,23.3,,,,,,,,,945,,,310,,,2.1,,,,,,,,,,,,,,,,,,,,,,,,
07/02/1989,2,,,,,,0,,,,,,,,,,,,,,,,,,,,,,,,22.2,,,,,,,,,945,,,330,,,2.1,,,,,,,,,,,,,,,,,,,,,,,,
07/02/1989,3,,,,,,0,,,,,,,,,,,,,,,,,,,,,,,,21.1,,,,,,,,,945,,,320,,,1.5,,,,,,,,,,,,,,,,,,,,,,,,
07/02/1989,4,,,,,,0,,,,,,,,,,,,,,,,,,,,,,,,20.6,,,,,,,,,945,,,0,,,0,,,,,,,,,,,,,,,,,,,,,,,,
07/02/1989,5,,,,,,0,,,,,,,,,,,,,,,,,,,,,,,,19.4,,,,,,,,,945,,,999,,,1,,,,,,,,,,,,,,,,,,,,,,,,
07/02/1989,6,,,,,,0,,,,,,,,,,,,,,,,,,,,,,,,18.9,,,,,,,,,945,,,0,,,0,,,,,,,,,,,,,,,,,,,,,,,,
07/02/1989,7,,,,,,0,,,,,,,,,,,,,,,,,,,,,,,,19.4,,,,,,,,,946,,,360,,,2.1,,,,,,,,,,,,,,,,,,,,,,,,
07/02/1989,8,,,,,,495,,,,,,,,,,,,,,,,,,,,,,,,20.6,,,,,,,,,946,,,330,,,2.1,,,,,,,,,,,,,,,,,,,,,,,,
07/02/1989,9,,,,,,624,,,,,,,,,,,,,,,,,,,,,,,,21.7,,,,,,,,,946,,,20,,,2.1,,,,,,,,,,,,,,,,,,,,,,,,
07/02/1989,10,,,,,,722,,,,,,,,,,,,,,,,,,,,,,,,23.3,,,,,,,,,946,,,20,,,4.1,,,,,,,,,,,,,,,,,,,,,,,,
07/02/1989,11,,,,,,798,,,,,,,,,,,,,,,,,,,,,,,,25,,,,,,,,,946,,,999,,,3.6,,,,,,,,,,,,,,,,,,,,,,,,
07/02/1989,12,,,,,,858,,,,,,,,,,,,,,,,,,,,,,,,27.2,,,,,,,,,945,,,30,,,3.1,,,,,,,,,,,,,,,,,,,,,,,,
07/02/1989,13,,,,,,892,,,,,,,,,,,,,,,,,,,,,,,,30,,,,,,,,,945,,,20,,,3.1,,,,,,,,,,,,,,,,,,,,,,,,
07/02/1989,14,,,,,,902,,,,,,,,,,,,,,,,,,,,,,,,31.7,,,,,,,,,944,,,270,,,3.1,,,,,,,,,,,,,,,,,,,,,,,,
07/02/1989,15,,,,,,889,,,,,,,,,,,,,,,,,,,,,,,,32.8,,,,,,,,,943,,,250,,,2.1,,,,,,,,,,,,,,,,,,,,,,,,
07/02/1989,16,,,,,,851,,,,,,,,,,,,,,,,,,,,,,,,33.3,,,,,,,,,942,,,290,,,6.2,,,,,,,,,,,,,,,,,,,,,,,,
07/02/1989,17,,,,,,794,,,,,,,,,,,,,,,,,,,,,,,,33.3,,,,,,,,,942,,,270,,,7.2,,,,,,,,,,,,,,,,,,,,,,,,
07/02/1989,18,,,,,,712,,,,,,,,,,,,,,,,,,,,,,,,32.2,,,,,,,,,942,,,330,,,7.2,,,,,,,,,,,,,,,,,,,,,,,,
07/02/1989,19,,,,,,615,,,,,,,,,,,,,,,,,,,,,,,,31.1,,,,,,,,,942,,,310,,,6.2,,,,,,,,,,,,,,,,,,,,,,,,
07/02/1989,20,,,,,,482,,,,,,,,,,,,,,,,,,,,,,,,28.9,,,,,,,,,944,,,330,,,7.2,,,,,,,,,,,,,,,,,,,,,,,,
07/02/1989,21,,,,,,0,,,,,,,,,,,,,,,,,,,,,,,,27.2,,,,,,,,,945,,,999,,,6.1,,,,,,,,,,,,,,,,,,,,,,,,
07/02/1989,22,,,,,,0,,,,,,,,,,,,,,,,,,,,,,,,25.6,,,,,,,,,945,,,310,,,5.1,,,,,,,,,,,,,,,,,,,,,,,,
07/02/1989,23,,,,,,0,,,,,,,,,,,,,,,,,,,,,,,,23.9,,,,,,,,,945,,,290,,,4.1,,,,,,,,,,,,,,,,,,,,,,,,
07/02/1989,24,,,,,,0,,,,,,,,,,,,,,,,,,,,,,,,22.8,,,,,,,,,945,,,280,,,2.1,,,,,,,,,,,,,,,,,,,,,,,,
07/03/1989,1,,,,,,0,,,,,,,,,,,,,,,,,,,,,,,,22.2,,,,,,,,,945,,,300,,,4.1,,,,,,,,,,,,,,,,,,,,,,,,
07/03/1989,2,,,,,,0,,,,,,,,,,,,,,,,,,,,,,,,21.1,,,,,,,,,945,,,290,,,4.1,,,,,,,,,,,,,,,,,,,,,,,,
07/03/1989,3,,,,,,0,,,,,,,,,,,,,,,,,,,,,,,,19.4,,,,,,,,,945,,,300,,,3.6,,,,,,,,,,,,,,,,,,,,,,,,
07/03/1989,4,,,,,,0,,,,,,,,,,,,,,,,,,,,,,,,18.3,,,,,,,,,945,,,280,,,3.1,,,,,,,,,,,,,,,,,,,,,,,,
07/03/1989,5,,,,,,0,,,,,,,,,,,,,,,,,,,,,,,,17.2,,,,,,,,,946,,,290,,,2.6,,,,,,,,,,,,,,,,,,,,,,,,
07/03/1989,6,,,,,,0,,,,,,,,,,,,,,,,,,,,,,,,16.7,,,,,,,,,946,,,290,,,2.6,,,,,,,,,,,,,,,,,,,,,,,,
07/03/1989,7,,,,,,0,,,,,,,,,,,,,,,,,,,,,,,,16.7,,,,,,,,,946,,,290,,,6.2,,,,,,,,,,,,,,,,,,,,,,,,
07/03/1989,8,,,,,,495,,,,,,,,,,,,,,,,,,,,,,,,17.8,,,,,,,,,947,,,290,,,6.2,,,,,,,,,,,,,,,,,,,,,,,,
07/03/1989,9,,,,,,624,,,,,,,,,,,,,,,,,,,,,,,,18.9,,,,,,,,,946,,,300,,,5.1,,,,,,,,,,,,,,,,,,,,,,,,
07/03/1989,10,,,,,,722,,,,,,,,,,,,,,,,,,,,,,,,21.1,,,,,,,,,946,,,300,,,4.1,,,,,,,,,,,,,,,,,,,,,,,,
07/03/1989,11,,,,,,798,,,,,,,,,,,,,,,,,,,,,,,,23.9,,,,,,,,,946,,,280,,,4.1,,,,,,,,,,,,,,,,,,,,,,,,
07/03/1989,12,,,,,,854,,,,,,,,,,,,,,,,,,,,,,,,26.7,,,,,,,,,945,,,280,,,3.6,,,,,,,,,,,,,,,,,,,,,,,,
07/03/1989,13,,,,,,892,,,,,,,,,,,,,,,,,,,,,,,,29.4,,,,,,,,,945,,,290,,,4.1,,,,,,,,,,,,,,,,,,,,,,,,
07/03/1989,14,,,,,,902,,,,,,,,,,,,,,,,,,,,,,,,31.7,,,,,,,,,944,,,280,,,5.1,,,,,,,,,,,,,,,,,,,,,,,,
07/03/1989,15,,,,,,889,,,,,,,,,,,,,,,,,,,,,,,,33.3,,,,,,,,,944,,,300,,,7.2,,,,,,,,,,,,,,,,,,,,,,,,
07/03/1989,16,,,,,,851,,,,,,,,,,,,,,,,,,,,,,,,33.9,,,,,,,,,943,,,290,,,5.1,,,,,,,,,,,,,,,,,,,,,,,,
07/03/1989,17,,,,,,791,,,,,,,,,,,,,,,,,,,,,,,,33.9,,,,,,,,,942,,,230,,,8.8,,,,,,,,,,,,,,,,,,,,,,,,
07/03/1989,18,,,,,,716,,,,,,,,,,,,,,,,,,,,,,,,32.8,,,,,,,,,942,,,220,,,10.8,,,,,,,,,,,,,,,,,,,,,,,,
07/03/1989,19,,,,,,615,,,,,,,,,,,,,,,,,,,,,,,,30.6,,,,,,,,,942,,,230,,,7.2,,,,,,,,,,,,,,,,,,,,,,,,
07/03/1989,20,,,,,,482,,,,,,,,,,,,,,,,,,,,,,,,28.3,,,,,,,,,944,,,230,,,8.8,,,,,,,,,,,,,,,,,,,,,,,,
07/03/1989,21,,,,,,0,,,,,,,,,,,,,,,,,,,,,,,,26.1,,,,,,,,,945,,,250,,,5.7,,,,,,,,,,,,,,,,,,,,,,,,
07/03/1989,22,,,,,,0,,,,,,,,,,,,,,,,,,,,,,,,23.9,,,,,,,,,945,,,230,,,5.1,,,,,,,,,,,,,,,,,,,,,,,,
07/03/1989,23,,,,,,0,,,,,,,,,,,,,,,,,,,,,,,,22.2,,,,,,,,,945,,,230,,,6.2,,,,,,,,,,,,,,,,,,,,,,,,
07/03/1989,24,,,,,,0,,,,,,,,,,,,,,,,,,,,,,,,21.1,,,,,,,,,945,,,200,,,7.2,,,,,,,,,,,,,,,,,,,,,,,,
07/04/1989,1,,,,,,0,,,,,,,,,,,,,,,,,,,,,,,,20,,,,,,,,,945,,,190,,,2.1,,,,,,,,,,,,,,,,,,,,,,,,
07/04/1989,2,,,,,,0,,,,,,,,,,,,,,,,,,,,,,,,18.9,,,,,,,,,945,,,190,,,2.1,,,,,,,,,,,,,,,,,,,,,,,,
07/04/1989,3,,,,,,0,,,,,,,,,,,,,,,,,,,,,,,,18.3,,,,,,,,,945,,,200,,,2.1,,,,,,,,,,,,,,,,,,,,,,,,
07/04/1989,4,,,,,,0,,,,,,,,,,,,,,,,,,,,,,,,17.8,,,,,,,,,945,,,210,,,3.1,,,,,,,,,,,,,,,,,,,,,,,,
07/04/1989,5,,,,,,0,,,,,,,,,,,,,,,,,,,,,,,,17.2,,,,,,,,,945,,,200,,,3.1,,,,,,,,,,,,,,,,,,,,,,,,
07/04/1989,6,,,,,,0,,,,,,,,,,,,,,,,,,,,,,,,16.7,,,,,,,,,945,,,240,,,5.1,,,,,,,,,,,,,,,,,,,,,,,,
07/04/1989,7,,,,,,0,,,,,,,,,,,,,,,,,,,,,,,,16.7,,,,,,,,,946,,,230,,,3.1,,,,,,,,,,,,,,,,,,,,,,,,
07/04/1989,8,,,,,,492,,,,,,,,,,,,,,,,,,,,,,,,17.8,,,,,,,,,946,,,230,,,3.1,,,,,,,,,,,,,,,,,,,,,,,,
07/04/1989,9,,,,,,621,,,,,,,,,,,,,,,,,,,,,,,,19.4,,,,,,,,,946,,,220,,,4.6,,,,,,,,,,,,,,,,,,,,,,,,
07/04/1989,10,,,,,,719,,,,,,,,,,,,,,,,,,,,,,,,21.1,,,,,,,,,946,,,240,,,4.1,,,,,,,,,,,,,,,,,,,,,,,,
07/04/1989,11,,,,,,798,,,,,,,,,,,,,,,,,,,,,,,,23.3,,,,,,,,,945,,,220,,,6.2,,,,,,,,,,,,,,,,,,,,,,,,
07/04/1989,12,,,,,,854,,,,,,,,,,,,,,,,,,,,,,,,26.1,,,,,,,,,945,,,240,,,10.3,,,,,,,,,,,,,,,,,,,,,,,,
07/04/1989,13,,,,,,892,,,,,,,,,,,,,,,,,,,,,,,,28.3,,,,,,,,,944,,,240,,,9.3,,,,,,,,,,,,,,,,,,,,,,,,
07/04/1989,14,,,,,,905,,,,,,,,,,,,,,,,,,,,,,,,30,,,,,,,,,944,,,999,,,10.3,,,,,,,,,,,,,,,,,,,,,,,,
07/04/1989,15,,,,,,889,,,,,,,,,,,,,,,,,,,,,,,,31.7,,,,,,,,,943,,,240,,,11.3,,,,,,,,,,,,,,,,,,,,,,,,
07/04/1989,16,,,,,,851,,,,,,,,,,,,,,,,,,,,,,,,32.8,,,,,,,,,942,,,240,,,9.3,,,,,,,,,,,,,,,,,,,,,,,,
07/04/1989,17,,,,,,794,,,,,,,,,,,,,,,,,,,,,,,,32.2,,,,,,,,,942,,,220,,,11.3,,,,,,,,,,,,,,,,,,,,,,,,
07/04/1989,18,,,,,,716,,,,,,,,,,,,,,,,,,,,,,,,31.1,,,,,,,,,942,,,999,,,10.3,,,,,,,,,,,,,,,,,,,,,,,,
07/04/1989,19,,,,,,615,,,,,,,,,,,,,,,,,,,,,,,,29.4,,,,,,,,,942,,,230,,,9.3,,,,,,,,,,,,,,,,,,,,,,,,
07/04/1989,20,,,,,,482,,,,,,,,,,,,,,,,,,,,,,,,27.2,,,,,,,,,944,,,230,,,9.3,,,,,,,,,,,,,,,,,,,,,,,,
07/04/1989,21,,,,,,0,,,,,,,,,,,,,,,,,,,,,,,,25,,,,,,,,,944,,,240,,,7.2,,,,,,,,,,,,,,,,,,,,,,,,
07/04/1989,22,,,,,,0,,,,,,,,,,,,,,,,,,,,,,,,23.3,,,,,,,,,945,,,240,,,5.1,,,,,,,,,,,,,,,,,,,,,,,,
07/04/1989,23,,,,,,0,,,,,,,,,,,,,,,,,,,,,,,,21.7,,,,,,,,,945,,,250,,,3.1,,,,,,,,,,,,,,,,,,,,,,,,
07/04/1989,24,,,,,,0,,,,,,,,,,,,,,,,,,,,,,,,21.1,,,,,,,,,945,,,250,,,2.6,,,,,,,,,,,,,,,,,,,,,,,,
07/05/1989,1,,,,,,0,,,,,,,,,,,,,,,,,,,,,,,,20,,,,,,,,,945,,,270,,,2.1,,,,,,,,,,,,,,,,,,,,,,,,
07/05/1989,2,,,,,,0,,,,,,,,,,,,,,,,,,,,,,,,18.9,,,,,,,,,944,,,270,,,1,,,,,,,,,,,,,,,,,,,,,,,,
07/05/1989,3,,,,,,0,,,,,,,,,,,,,,,,,,,,,,,,18.3,,,,,,,,,944,,,0,,,0,,,,,,,,,,,,,,,,,,,,,,,,
07/05/1989,4,,,,,,0,,,,,,,,,,,,,,,,,,,,,,,,17.2,,,,,,,,,945,,,0,,,0,,,,,,,,,,,,,,,,,,,,,,,,
07/05/1989,5,,,,,,0,,,,,,,,,,,,,,,,,,,,,,,,16.7,,,,,,,,,945,,,999,,,0,,,,,,,,,,,,,,,,,,,,,,,,
07/05/1989,6,,,,,,0,,,,,,,,,,,,,,,,,,,,,,,,16.7,,,,,,,,,946,,,0,,,0,,,,,,,,,,,,,,,,,,,,,,,,
07/05/1989,7,,,,,,0,,,,,,,,,,,,,,,,,,,,,,,,16.7,,,,,,,,,946,,,150,,,2.1,,,,,,,,,,,,,,,,,,,,,,,,
07/05/1989,8,,,,,,495,,,,,,,,,,,,,,,,,,,,,,,,17.2,,,,,,,,,947,,,0,,,0,,,,,,,,,,,,,,,,,,,,,,,,
07/05/1989,9,,,,,,621,,,,,,,,,,,,,,,,,,,,,,,,18.9,,,,,,,,,947,,,100,,,1.5,,,,,,,,,,,,,,,,,,,,,,,,
07/05/1989,10,,,,,,719,,,,,,,,,,,,,,,,,,,,,,,,21.7,,,,,,,,,946,,,180,,,2.1,,,,,,,,,,,,,,,,,,,,,,,,
07/05/1989,11,,,,,,798,,,,,,,,,,,,,,,,,,,,,,,,24.4,,,,,,,,,946,,,210,,,3.1,,,,,,,,,,,,,,,,,,,,,,,,
07/05/1989,12,,,,,,854,,,,,,,,,,,,,,,,,,,,,,,,27.2,,,,,,,,,945,,,230,,,4.1,,,,,,,,,,,,,,,,,,,,,,,,
07/05/1989,13,,,,,,892,,,,,,,,,,,,,,,,,,,,,,,,30,,,,,,,,,945,,,210,,,3.1,,,,,,,,,,,,,,,,,,,,,,,,
07/05/1989,14,,,,,,902,,,,,,,,,,,,,,,,,,,,,,,,31.7,,,,,,,,,944,,,230,,,6.2,,,,,,,,,,,,,,,,,,,,,,,,
07/05/1989,15,,,,,,889,,,,,,,,,,,,,,,,,,,,,,,,33.9,,,,,,,,,944,,,240,,,6.2,,,,,,,,,,,,,,,,,,,,,,,,
07/05/1989,16,,,,,,851,,,,,,,,,,,,,,,,,,,,,,,,34.4,,,,,,,,,943,,,230,,,8.2,,,,,,,,,,,,,,,,,,,,,,,,
07/05/1989,17,,,,,,791,,,,,,,,,,,,,,,,,,,,,,,,33.9,,,,,,,,,943,,,240,,,6.2,,,,,,,,,,,,,,,,,,,,,,,,
07/05/1989,18,,,,,,712,,,,,,,,,,,,,,,,,,,,,,,,33.3,,,,,,,,,943,,,230,,,6.2,,,,,,,,,,,,,,,,,,,,,,,,
07/05/1989,19,,,,,,615,,,,,,,,,,,,,,,,,,,,,,,,31.7,,,,,,,,,943,,,240,,,5.1,,,,,,,,,,,,,,,,,,,,,,,,
07/05/1989,20,,,,,,482,,,,,,,,,,,,,,,,,,,,,,,,28.9,,,,,,,,,944,,,999,,,5.1,,,,,,,,,,,,,,,,,,,,,,,,
07/05/1989,21,,,,,,0,,,,,,,,,,,,,,,,,,,,,,,,26.7,,,,,,,,,944,,,230,,,5.1,,,,,,,,,,,,,,,,,,,,,,,,
07/05/1989,22,,,,,,0,,,,,,,,,,,,,,,,,,,,,,,,24.4,,,,,,,,,945,,,230,,,4.1,,,,,,,,,,,,,,,,,,,,,,,,
07/05/1989,23,,,,,,0,,,,,,,,,,,,,,,,,,,,,,,,22.2,,,,,,,,,945,,,240,,,3.1,,,,,,,,,,,,,,,,,,,,,,,,
07/05/1989,24,,,,,,0,,,,,,,,,,,,,,,,,,,,,,,,21.1,,,,,,,,,945,,,0,,,0,,,,,,,,,,,,,,,,,,,,,,,,
07/06/1989,1,,,,,,0,,,,,,,,,,,,,,,,,,,,,,,,20,,,,,,,,,945,,,230,,,2.1,,,,,,,,,,,,,,,,,,,,,,,,
07/06/1989,2,,,,,,0,,,,,,,,,,,,,,,,,,,,,,,,19.4,,,,,,,,,945,,,190,,,1.5,,,,,,,,,,,,,,,,,,,,,,,,
07/06/1989,3,,,,,,0,,,,,,,,,,,,,,,,,,,,,,,,18.9,,,,,,,,,946,,,160,,,2.1,,,,,,,,,,,,,,,,,,,,,,,,
07/06/1989,4,,,,,,0,,,,,,,,,,,,,,,,,,,,,,,,18.3,,,,,,,,,946,,,160,,,2.1,,,,,,,,,,,,,,,,,,,,,,,,
07/06/1989,5,,,,,,0,,,,,,,,,,,,,,,,,,,,,,,,18.3,,,,,,,,,946,,,0,,,0,,,,,,,,,,,,,,,,,,,,,,,,
07/06/1989,6,,,,,,0,,,,,,,,,,,,,,,,,,,,,,,,17.8,,,,,,,,,947,,,0,,,0,,,,,,,,,,,,,,,,,,,,,,,,
07/06/1989,7,,,,,,0,,,,,,,,,,,,,,,,,,,,,,,,18.3,,,,,,,,,947,,,0,,,0,,,,,,,,,,,,,,,,,,,,,,,,
07/06/1989,8,,,,,,195,,,,,,,,,,,,,,,,,,,,,,,,18.9,,,,,,,,,947,,,80,,,3.1,,,,,,,,,,,,,,,,,,,,,,,,
07/06/1989,9,,,,,,438,,,,,,,,,,,,,,,,,,,,,,,,20.6,,,,,,,,,947,,,90,,,1,,,,,,,,,,,,,,,,,,,,,,,,
07/06/1989,10,,,,,,615,,,,,,,,,,,,,,,,,,,,,,,,22.8,,,,,,,,,947,,,0,,,0,,,,,,,,,,,,,,,,,,,,,,,,
07/06/1989,11,,,,,,757,,,,,,,,,,,,,,,,,,,,,,,,25,,,,,,,,,946,,,30,,,2.1,,,,,,,,,,,,,,,,,,,,,,,,
07/06/1989,12,,,,,,735,,,,,,,,,,,,,,,,,,,,,,,,27.8,,,,,,,,,946,,,240,,,1.5,,,,,,,,,,,,,,,,,,,,,,,,
07/06/1989,13,,,,,,744,,,,,,,,,,,,,,,,,,,,,,,,30.6,,,,,,,,,945,,,260,,,2.1,,,,,,,,,,,,,,,,,,,,,,,,
07/06/1989,14,,,,,,779,,,,,,,,,,,,,,,,,,,,,,,,32.8,,,,,,,,,945,,,220,,,3.1,,,,,,,,,,,,,,,,,,,,,,,,
07/06/1989,15,,,,,,744,,,,,,,,,,,,,,,,,,,,,,,,34.4,,,,,,,,,944,,,310,,,1.5,,,,,,,,,,,,,,,,,,,,,,,,
07/06/1989,16,,,,,,769,,,,,,,,,,,,,,,,,,,,,,,,35,,,,,,,,,943,,,270,,,3.1,,,,,,,,,,,,,,,,,,,,,,,,
07/06/1989,17,,,,,,637,,,,,,,,,,,,,,,,,,,,,,,,35,,,,,,,,,943,,,240,,,3.1,,,,,,,,,,,,,,,,,,,,,,,,
07/06/1989,18,,,,,,511,,,,,,,,,,,,,,,,,,,,,,,,33.9,,,,,,,,,943,,,260,,,3.6,,,,,,,,,,,,,,,,,,,,,,,,
07/06/1989,19,,,,,,479,,,,,,,,,,,,,,,,,,,,,,,,32.2,,,,,,,,,943,,,230,,,4.6,,,,,,,,,,,,,,,,,,,,,,,,
07/06/1989,20,,,,,,290,,,,,,,,,,,,,,,,,,,,,,,,30,,,,,,,,,944,,,210,,,5.1,,,,,,,,,,,,,,,,,,,,,,,,
07/06/1989,21,,,,,,0,,,,,,,,,,,,,,,,,,,,,,,,27.2,,,,,,,,,945,,,260,,,3.1,,,,,,,,,,,,,,,,,,,,,,,,
07/06/1989,22,,,,,,0,,,,,,,,,,,,,,,,,,,,,,,,25.6,,,,,,,,,945,,,270,,,4.1,,,,,,,,,,,,,,,,,,,,,,,,
07/06/1989,23,,,,,,0,,,,,,,,,,,,,,,,,,,,,,,,23.9,,,,,,,,,945,,,280,,,3.1,,,,,,,,,,,,,,,,,,,,,,,,
07/06/1989,24,,,,,,0,,,,,,,,,,,,,,,,,,,,,,,,22.2,,,,,,,,,945,,,210,,,1.5,,,,,,,,,,,,,,,,,,,,,,,,
07/07/1989,1,,,,,,0,,,,,,,,,,,,,,,,,,,,,,,,21.7,,,,,,,,,946,,,190,,,3.1,,,,,,,,,,,,,,,,,,,,,,,,
07/07/1989,2,,,,,,0,,,,,,,,,,,,,,,,,,,,,,,,20.6,,,,,,,,,946,,,180,,,2.1,,,,,,,,,,,,,,,,,,,,,,,,
07/07/1989,3,,,,,,0,,,,,,,,,,,,,,,,,,,,,,,,20,,,,,,,,,946,,,180,,,2.1,,,,,,,,,,,,,,,,,,,,,,,,
07/07/1989,4,,,,,,0,,,,,,,,,,,,,,,,,,,,,,,,19.4,,,,,,,,,946,,,180,,,1.5,,,,,,,,,,,,,,,,,,,,,,,,
07/07/1989,5,,,,,,0,,,,,,,,,,,,,,,,,,,,,,,,18.3,,,,,,,,,947,,,180,,,1.5,,,,,,,,,,,,,,,,,,,,,,,,
07/07/1989,6,,,,,,0,,,,,,,,,,,,,,,,,,,,,,,,17.8,,,,,,,,,947,,,190,,,1.5,,,,,,,,,,,,,,,,,,,,,,,,
07/07/1989,7,,,,,,0,,,,,,,,,,,,,,,,,,,,,,,,18.3,,,,,,,,,948,,,0,,,0,,,,,,,,,,,,,,,,,,,,,,,,
07/07/1989,8,,,,,,492,,,,,,,,,,,,,,,,,,,,,,,,18.9,,,,,,,,,948,,,999,,,1.8,,,,,,,,,,,,,,,,,,,,,,,,
07/07/1989,9,,,,,,621,,,,,,,,,,,,,,,,,,,,,,,,20.6,,,,,,,,,948,,,20,,,3.6,,,,,,,,,,,,,,,,,,,,,,,,
07/07/1989,10,,,,,,719,,,,,,,,,,,,,,,,,,,,,,,,22.8,,,,,,,,,948,,,20,,,3.1,,,,,,,,,,,,,,,,,,,,,,,,
07/07/1989,11,,,,,,798,,,,,,,,,,,,,,,,,,,,,,,,25.6,,,,,,,,,947,,,50,,,3.6,,,,,,,,,,,,,,,,,,,,,,,,
07/07/1989,12,,,,,,854,,,,,,,,,,,,,,,,,,,,,,,,28.3,,,,,,,,,946,,,30,,,3.6,,,,,,,,,,,,,,,,,,,,,,,,
07/07/1989,13,,,,,,889,,,,,,,,,,,,,,,,,,,,,,,,30.6,,,,,,,,,946,,,330,,,4.1,,,,,,,,,,,,,,,,,,,,,,,,
07/07/1989,14,,,,,,902,,,,,,,,,,,,,,,,,,,,,,,,32.8,,,,,,,,,945,,,40,,,3.1,,,,,,,,,,,,,,,,,,,,,,,,
07/07/1989,15,,,,,,889,,,,,,,,,,,,,,,,,,,,,,,,34.4,,,,,,,,,945,,,999,,,1.5,,,,,,,,,,,,,,,,,,,,,,,,
07/07/1989,16,,,,,,851,,,,,,,,,,,,,,,,,,,,,,,,35,,,,,,,,,944,,,280,,,3.1,,,,,,,,,,,,,,,,,,,,,,,,
07/07/1989,17,,,,,,794,,,,,,,,,,,,,,,,,,,,,,,,35,,,,,,,,,944,,,350,,,4.1,,,,,,,,,,,,,,,,,,,,,,,,
07/07/1989,18,,,,,,716,,,,,,,,,,,,,,,,,,,,,,,,33.9,,,,,,,,,943,,,999,,,2.1,,,,,,,,,,,,,,,,,,,,,,,,
07/07/1989,19,,,,,,618,,,,,,,,,,,,,,,,,,,,,,,,32.2,,,,,,,,,944,,,250,,,4.1,,,,,,,,,,,,,,,,,,,,,,,,
07/07/1989,20,,,,,,485,,,,,,,,,,,,,,,,,,,,,,,,30,,,,,,,,,945,,,250,,,3.1,,,,,,,,,,,,,,,,,,,,,,,,
07/07/1989,21,,,,,,0,,,,,,,,,,,,,,,,,,,,,,,,27.2,,,,,,,,,946,,,270,,,4.1,,,,,,,,,,,,,,,,,,,,,,,,
07/07/1989,22,,,,,,0,,,,,,,,,,,,,,,,,,,,,,,,25.6,,,,,,,,,946,,,270,,,4.1,,,,,,,,,,,,,,,,,,,,,,,,
07/07/1989,23,,,,,,0,,,,,,,,,,,,,,,,,,,,,,,,23.9,,,,,,,,,946,,,280,,,4.1,,,,,,,,,,,,,,,,,,,,,,,,
07/07/1989,24,,,,,,0,,,,,,,,,,,,,,,,,,,,,,,,22.2,,,,,,,,,945,,,310,,,2.6,,,,,,,,,,,,,,,,,,,,,,,,
07/08/1989,1,,,,,,0,,,,,,,,,,,,,,,,,,,,,,,,21.1,,,,,,,,,945,,,350,,,2.1,,,,,,,,,,,,,,,,,,,,,,,,
07/08/1989,2,,,,,,0,,,,,,,,,,,,,,,,,,,,,,,,21.1,,,,,,,,,945,,,10,,,2.1,,,,,,,,,,,,,,,,,,,,,,,,
07/08/1989,3,,,,,,0,,,,,,,,,,,,,,,,,,,,,,,,20.6,,,,,,,,,945,,,999,,,1.5,,,,,,,,,,,,,,,,,,,,,,,,
07/08/1989,4,,,,,,0,,,,,,,,,,,,,,,,,,,,,,,,20.6,,,,,,,,,946,,,20,,,2.1,,,,,,,,,,,,,,,,,,,,,,,,
07/08/1989,5,,,,,,0,,,,,,,,,,,,,,,,,,,,,,,,20,,,,,,,,,946,,,30,,,3.1,,,,,,,,,,,,,,,,,,,,,,,,
07/08/1989,6,,,,,,0,,,,,,,,,,,,,,,,,,,,,,,,20,,,,,,,,,946,,,50,,,3.1,,,,,,,,,,,,,,,,,,,,,,,,
07/08/1989,7,,,,,,0,,,,,,,,,,,,,,,,,,,,,,,,20,,,,,,,,,946,,,70,,,3.1,,,,,,,,,,,,,,,,,,,,,,,,
07/08/1989,8,,,,,,488,,,,,,,,,,,,,,,,,,,,,,,,21.1,,,,,,,,,946,,,40,,,4.1,,,,,,,,,,,,,,,,,,,,,,,,
07/08/1989,9,,,,,,621,,,,,,,,,,,,,,,,,,,,,,,,22.2,,,,,,,,,946,,,40,,,5.1,,,,,,,,,,,,,,,,,,,,,,,,
07/08/1989,10,,,,,,719,,,,,,,,,,,,,,,,,,,,,,,,23.9,,,,,,,,,946,,,20,,,4.1,,,,,,,,,,,,,,,,,,,,,,,,
07/08/1989,11,,,,,,794,,,,,,,,,,,,,,,,,,,,,,,,26.1,,,,,,,,,945,,,40,,,3.6,,,,,,,,,,,,,,,,,,,,,,,,
07/08/1989,12,,,,,,854,,,,,,,,,,,,,,,,,,,,,,,,27.8,,,,,,,,,945,,,20,,,3.6,,,,,,,,,,,,,,,,,,,,,,,,
07/08/1989,13,,,,,,889,,,,,,,,,,,,,,,,,,,,,,,,30,,,,,,,,,944,,,360,,,4.1,,,,,,,,,,,,,,,,,,,,,,,,
07/08/1989,14,,,,,,902,,,,,,,,,,,,,,,,,,,,,,,,31.7,,,,,,,,,943,,,360,,,3.6,,,,,,,,,,,,,,,,,,,,,,,,
07/08/1989,15,,,,,,889,,,,,,,,,,,,,,,,,,,,,,,,32.8,,,,,,,,,942,,,10,,,3.1,,,,,,,,,,,,,,,,,,,,,,,,
07/08/1989,16,,,,,,851,,,,,,,,,,,,,,,,,,,,,,,,33.3,,,,,,,,,941,,,20,,,4.1,,,,,,,,,,,,,,,,,,,,,,,,
07/08/1989,17,,,,,,791,,,,,,,,,,,,,,,,,,,,,,,,33.3,,,,,,,,,941,,,40,,,3.1,,,,,,,,,,,,,,,,,,,,,,,,
07/08/1989,18,,,,,,712,,,,,,,,,,,,,,,,,,,,,,,,32.8,,,,,,,,,941,,,999,,,1,,,,,,,,,,,,,,,,,,,,,,,,
07/08/1989,19,,,,,,615,,,,,,,,,,,,,,,,,,,,,,,,31.1,,,,,,,,,941,,,0,,,0,,,,,,,,,,,,,,,,,,,,,,,,
07/08/1989,20,,,,,,482,,,,,,,,,,,,,,,,,,,,,,,,29.4,,,,,,,,,942,,,0,,,0,,,,,,,,,,,,,,,,,,,,,,,,
07/08/1989,21,,,,,,0,,,,,,,,,,,,,,,,,,,,,,,,27.8,,,,,,,,,942,,,0,,,0,,,,,,,,,,,,,,,,,,,,,,,,
07/08/1989,22,,,,,,0,,,,,,,,,,,,,,,,,,,,,,,,26.1,,,,,,,,,942,,,0,,,0,,,,,,,,,,,,,,,,,,,,,,,,
07/08/1989,23,,,,,,0,,,,,,,,,,,,,,,,,,,,,,,,24.4,,,,,,,,,942,,,0,,,0,,,,,,,,,,,,,,,,,,,,,,,,
07/08/1989,24,,,,,,0,,,,,,,,,,,,,,,,,,,,,,,,23.3,,,,,,,,,942,,,0,,,0,,,,,,,,,,,,,,,,,,,,,,,,
07/09/1989,1,,,,,,0,,,,,,,,,,,,,,,,,,,,,,,,22.8,,,,,,,,,941,,,0,,,0,,,,,,,,,,,,,,,,,,,,,,,,
07/09/1989,2,,,,,,0,,,,,,,,,,,,,,,,,,,,,,,,21.7,,,,,,,,,942,,,50,,,1,,,,,,,,,,,,,,,,,,,,,,,,
07/09/1989,3,,,,,,0,,,,,,,,,,,,,,,,,,,,,,,,21.1,,,,,,,,,942,,,60,,,4.1,,,,,,,,,,,,,,,,,,,,,,,,
07/09/1989,4,,,,,,0,,,,,,,,,,,,,,,,,,,,,,,,20.6,,,,,,,,,942,,,60,,,3.1,,,,,,,,,,,,,,,,,,,,,,,,
07/09/1989,5,,,,,,0,,,,,,,,,,,,,,,,,,,,,,,,20,,,,,,,,,942,,,80,,,3.6,,,,,,,,,,,,,,,,,,,,,,,,
07/09/1989,6,,,,,,0,,,,,,,,,,,,,,,,,,,,,,,,19.4,,,,,,,,,942,,,70,,,2.6,,,,,,,,,,,,,,,,,,,,,,,,
07/09/1989,7,,,,,,0,,,,,,,,,,,,,,,,,,,,,,,,20,,,,,,,,,942,,,50,,,3.1,,,,,,,,,,,,,,,,,,,,,,,,
07/09/1989,8,,,,,,186,,,,,,,,,,,,,,,,,,,,,,,,20.6,,,,,,,,,942,,,50,,,3.6,,,,,,,,,,,,,,,,,,,,,,,,
07/09/1989,9,,,,,,217,,,,,,,,,,,,,,,,,,,,,,,,21.7,,,,,,,,,942,,,40,,,5.1,,,,,,,,,,,,,,,,,,,,,,,,
07/09/1989,10,,,,,,223,,,,,,,,,,,,,,,,,,,,,,,,23.3,,,,,,,,,942,,,50,,,4.1,,,,,,,,,,,,,,,,,,,,,,,,
07/09/1989,11,,,,,,277,,,,,,,,,,,,,,,,,,,,,,,,26.1,,,,,,,,,941,,,90,,,4.1,,,,,,,,,,,,,,,,,,,,,,,,
07/09/1989,12,,,,,,230,,,,,,,,,,,,,,,,,,,,,,,,28.3,,,,,,,,,940,,,70,,,5.7,,,,,,,,,,,,,,,,,,,,,,,,
07/09/1989,13,,,,,,126,,,,,,,,,,,,,,,,,,,,,,,,30.6,,,,,,,,,939,,,100,,,3.1,,,,,,,,,,,,,,,,,,,,,,,,
07/09/1989,14,,,,,,97,,,,,,,,,,,,,,,,,,,,,,,,32.2,,,,,,,,,938,,,20,,,5.1,,,,,,,,,,,,,,,,,,,,,,,,
07/09/1989,15,,,,,,129,,,,,,,,,,,,,,,,,,,,,,,,33.9,,,,,,,,,938,,,10,,,4.6,,,,,,,,,,,,,,,,,,,,,,,,
07/09/1989,16,,,,,,252,,,,,,,,,,,,,,,,,,,,,,,,33.9,,,,,,,,,938,,,350,,,4.1,,,,,,,,,,,,,,,,,,,,,,,,
07/09/1989,17,,,,,,274,,,,,,,,,,,,,,,,,,,,,,,,33.9,,,,,,,,,938,,,340,,,3.1,,,,,,,,,,,,,,,,,,,,,,,,
07/09/1989,18,,,,,,328,,,,,,,,,,,,,,,,,,,,,,,,33.3,,,,,,,,,938,,,330,,,2.6,,,,,,,,,,,,,,,,,,,,,,,,
07/09/1989,19,,,,,,539,,,,,,,,,,,,,,,,,,,,,,,,31.7,,,,,,,,,938,,,310,,,3.1,,,,,,,,,,,,,,,,,,,,,,,,
07/09/1989,20,,,,,,451,,,,,,,,,,,,,,,,,,,,,,,,29.4,,,,,,,,,939,,,320,,,2.6,,,,,,,,,,,,,,,,,,,,,,,,
07/09/1989,21,,,,,,0,,,,,,,,,,,,,,,,,,,,,,,,27.8,,,,,,,,,941,,,230,,,4.1,,,,,,,,,,,,,,,,,,,,,,,,
07/09/1989,22,,,,,,0,,,,,,,,,,,,,,,,,,,,,,,,26.1,,,,,,,,,941,,,250,,,5.1,,,,,,,,,,,,,,,,,,,,,,,,
07/09/1989,23,,,,,,0,,,,,,,,,,,,,,,,,,,,,,,,24.4,,,,,,,,,941,,,260,,,3.1,,,,,,,,,,,,,,,,,,,,,,,,
07/09/1989,24,,,,,,0,,,,,,,,,,,,,,,,,,,,,,,,23.3,,,,,,,,,941,,,260,,,2.1,,,,,,,,,,,,,,,,,,,,,,,,
07/10/1989,1,,,,,,0,,,,,,,,,,,,,,,,,,,,,,,,22.8,,,,,,,,,941,,,260,,,2.1,,,,,,,,,,,,,,,,,,,,,,,,
07/10/1989,2,,,,,,0,,,,,,,,,,,,,,,,,,,,,,,,21.7,,,,,,,,,941,,,0,,,0,,,,,,,,,,,,,,,,,,,,,,,,
07/10/1989,3,,,,,,0,,,,,,,,,,,,,,,,,,,,,,,,20.6,,,,,,,,,941,,,0,,,0,,,,,,,,,,,,,,,,,,,,,,,,
07/10/1989,4,,,,,,0,,,,,,,,,,,,,,,,,,,,,,,,19.4,,,,,,,,,942,,,60,,,1,,,,,,,,,,,,,,,,,,,,,,,,
07/10/1989,5,,,,,,0,,,,,,,,,,,,,,,,,,,,,,,,18.3,,,,,,,,,942,,,0,,,0,,,,,,,,,,,,,,,,,,,,,,,,
07/10/1989,6,,,,,,0,,,,,,,,,,,,,,,,,,,,,,,,17.8,,,,,,,,,942,,,70,,,2.1,,,,,,,,,,,,,,,,,,,,,,,,
07/10/1989,7,,,,,,0,,,,,,,,,,,,,,,,,,,,,,,,18.3,,,,,,,,,944,,,60,,,3.1,,,,,,,,,,,,,,,,,,,,,,,,
07/10/1989,8,,,,,,488,,,,,,,,,,,,,,,,,,,,,,,,18.9,,,,,,,,,944,,,30,,,2.6,,,,,,,,,,,,,,,,,,,,,,,,
07/10/1989,9,,,,,,618,,,,,,,,,,,,,,,,,,,,,,,,20.6,,,,,,,,,944,,,40,,,4.1,,,,,,,,,,,,,,,,,,,,,,,,
07/10/1989,10,,,,,,719,,,,,,,,,,,,,,,,,,,,,,,,22.2,,,,,,,,,941,,,60,,,3.1,,,,,,,,,,,,,,,,,,,,,,,,
07/10/1989,11,,,,,,794,,,,,,,,,,,,,,,,,,,,,,,,25,,,,,,,,,944,,,120,,,3.1,,,,,,,,,,,,,,,,,,,,,,,,
07/10/1989,12,,,,,,854,,,,,,,,,,,,,,,,,,,,,,,,28.3,,,,,,,,,943,,,130,,,2.6,,,,,,,,,,,,,,,,,,,,,,,,
07/10/1989,13,,,,,,889,,,,,,,,,,,,,,,,,,,,,,,,31.7,,,,,,,,,942,,,120,,,3.1,,,,,,,,,,,,,,,,,,,,,,,,
07/10/1989,14,,,,,,902,,,,,,,,,,,,,,,,,,,,,,,,33.9,,,,,,,,,941,,,90,,,3.1,,,,,,,,,,,,,,,,,,,,,,,,
07/10/1989,15,,,,,,889,,,,,,,,,,,,,,,,,,,,,,,,35,,,,,,,,,941,,,130,,,3.1,,,,,,,,,,,,,,,,,,,,,,,,
07/10/1989,16,,,,,,851,,,,,,,,,,,,,,,,,,,,,,,,36.1,,,,,,,,,941,,,80,,,3.1,,,,,,,,,,,,,,,,,,,,,,,,
07/10/1989,17,,,,,,794,,,,,,,,,,,,,,,,,,,,,,,,36.1,,,,,,,,,940,,,30,,,3.1,,,,,,,,,,,,,,,,,,,,,,,,
07/10/1989,18,,,,,,716,,,,,,,,,,,,,,,,,,,,,,,,35,,,,,,,,,941,,,350,,,3.1,,,,,,,,,,,,,,,,,,,,,,,,
07/10/1989,19,,,,,,615,,,,,,,,,,,,,,,,,,,,,,,,32.8,,,,,,,,,941,,,350,,,3.1,,,,,,,,,,,,,,,,,,,,,,,,
07/10/1989,20,,,,,,482,,,,,,,,,,,,,,,,,,,,,,,,30.6,,,,,,,,,942,,,30,,,2.6,,,,,,,,,,,,,,,,,,,,,,,,
07/10/1989,21,,,,,,0,,,,,,,,,,,,,,,,,,,,,,,,28.3,,,,,,,,,944,,,230,,,3.1,,,,,,,,,,,,,,,,,,,,,,,,
07/10/1989,22,,,,,,0,,,,,,,,,,,,,,,,,,,,,,,,25.6,,,,,,,,,944,,,230,,,2.1,,,,,,,,,,,,,,,,,,,,,,,,
07/10/1989,23,,,,,,0,,,,,,,,,,,,,,,,,,,,,,,,23.9,,,,,,,,,944,,,999,,,1.8,,,,,,,,,,,,,,,,,,,,,,,,
07/10/1989,24,,,,,,0,,,,,,,,,,,,,,,,,,,,,,,,22.8,,,,,,,,,944,,,190,,,1.5,,,,,,,,,,,,,,,,,,,,,,,,
07/11/1989,1,,,,,,0,,,,,,,,,,,,,,,,,,,,,,,,21.7,,,,,,,,,945,,,190,,,2.1,,,,,,,,,,,,,,,,,,,,,,,,
07/11/1989,2,,,,,,0,,,,,,,,,,,,,,,,,,,,,,,,20,,,,,,,,,945,,,999,,,1.4,,,,,,,,,,,,,,,,,,,,,,,,
07/11/1989,3,,,,,,0,,,,,,,,,,,,,,,,,,,,,,,,18.3,,,,,,,,,946,,,999,,,0.7,,,,,,,,,,,,,,,,,,,,,,,,
07/11/1989,4,,,,,,0,,,,,,,,,,,,,,,,,,,,,,,,16.7,,,,,,,,,946,,,0,,,0,,,,,,,,,,,,,,,,,,,,,,,,
07/11/1989,5,,,,,,0,,,,,,,,,,,,,,,,,,,,,,,,14.4,,,,,,,,,946,,,160,,,1.5,,,,,,,,,,,,,,,,,,,,,,,,
07/11/1989,6,,,,,,0,,,,,,,,,,,,,,,,,,,,,,,,13.9,,,,,,,,,947,,,30,,,2.1,,,,,,,,,,,,,,,,,,,,,,,,
07/11/1989,7,,,,,,0,,,,,,,,,,,,,,,,,,,,,,,,14.4,,,,,,,,,947,,,90,,,2.1,,,,,,,,,,,,,,,,,,,,,,,,
07/11/1989,8,,,,,,485,,,,,,,,,,,,,,,,,,,,,,,,15.6,,,,,,,,,947,,,50,,,5.1,,,,,,,,,,,,,,,,,,,,,,,,
07/11/1989,9,,,,,,618,,,,,,,,,,,,,,,,,,,,,,,,17.8,,,,,,,,,948,,,70,,,3.6,,,,,,,,,,,,,,,,,,,,,,,,
07/11/1989,10,,,,,,716,,,,,,,,,,,,,,,,,,,,,,,,21.1,,,,,,,,,947,,,60,,,5.1,,,,,,,,,,,,,,,,,,,,,,,,
07/11/1989,11,,,,,,794,,,,,,,,,,,,,,,,,,,,,,,,24.4,,,,,,,,,947,,,110,,,3.1,,,,,,,,,,,,,,,,,,,,,,,,
07/11/1989,12,,,,,,854,,,,,,,,,,,,,,,,,,,,,,,,28.3,,,,,,,,,947,,,110,,,3.6,,,,,,,,,,,,,,,,,,,,,,,,
07/11/1989,13,,,,,,889,,,,,,,,,,,,,,,,,,,,,,,,32.2,,,,,,,,,947,,,50,,,2.1,,,,,,,,,,,,,,,,,,,,,,,,
07/11/1989,14,,,,,,902,,,,,,,,,,,,,,,,,,,,,,,,35.6,,,,,,,,,946,,,10,,,3.1,,,,,,,,,,,,,,,,,,,,,,,,
07/11/1989,15,,,,,,889,,,,,,,,,,,,,,,,,,,,,,,,37.8,,,,,,,,,945,,,50,,,1.5,,,,,,,,,,,,,,,,,,,,,,,,
07/11/1989,16,,,,,,851,,,,,,,,,,,,,,,,,,,,,,,,38.3,,,,,,,,,946,,,50,,,1,,,,,,,,,,,,,,,,,,,,,,,,
07/11/1989,17,,,,,,794,,,,,,,,,,,,,,,,,,,,,,,,38.3,,,,,,,,,946,,,360,,,2.1,,,,,,,,,,,,,,,,,,,,,,,,
07/11/1989,18,,,,,,716,,,,,,,,,,,,,,,,,,,,,,,,36.7,,,,,,,,,947,,,250,,,1,,,,,,,,,,,,,,,,,,,,,,,,
07/11/1989,19,,,,,,615,,,,,,,,,,,,,,,,,,,,,,,,34.4,,,,,,,,,947,,,230,,,3.1,,,,,,,,,,,,,,,,,,,,,,,,
07/11/1989,20,,,,,,482,,,,,,,,,,,,,,,,,,,,,,,,31.1,,,,,,,,,948,,,220,,,3.1,,,,,,,,,,,,,,,,,,,,,,,,
07/11/1989,21,,,,,,0,,,,,,,,,,,,,,,,,,,,,,,,27.8,,,,,,,,,948,,,230,,,2.6,,,,,,,,,,,,,,,,,,,,,,,,
07/11/1989,22,,,,,,0,,,,,,,,,,,,,,,,,,,,,,,,24.4,,,,,,,,,948,,,190,,,2.1,,,,,,,,,,,,,,,,,,,,,,,,
07/11/1989,23,,,,,,0,,,,,,,,,,,,,,,,,,,,,,,,22.2,,,,,,,,,949,,,190,,,3.6,,,,,,,,,,,,,,,,,,,,,,,,
07/11/1989,24,,,,,,0,,,,,,,,,,,,,,,,,,,,,,,,20.6,,,,,,,,,948,,,210,,,3.1,,,,,,,,,,,,,,,,,,,,,,,,
07/12/1989,1,,,,,,0,,,,,,,,,,,,,,,,,,,,,,,,18.9,,,,,,,,,948,,,190,,,3.1,,,,,,,,,,,,,,,,,,,,,,,,
07/12/1989,2,,,,,,0,,,,,,,,,,,,,,,,,,,,,,,,17.8,,,,,,,,,948,,,240,,,4.1,,,,,,,,,,,,,,,,,,,,,,,,
07/12/1989,3,,,,,,0,,,,,,,,,,,,,,,,,,,,,,,,17.2,,,,,,,,,948,,,230,,,1,,,,,,,,,,,,,,,,,,,,,,,,
07/12/1989,4,,,,,,0,,,,,,,,,,,,,,,,,,,,,,,,16.7,,,,,,,,,949,,,70,,,1,,,,,,,,,,,,,,,,,,,,,,,,
07/12/1989,5,,,,,,0,,,,,,,,,,,,,,,,,,,,,,,,16.1,,,,,,,,,949,,,150,,,3.6,,,,,,,,,,,,,,,,,,,,,,,,
07/12/1989,6,,,,,,0,,,,,,,,,,,,,,,,,,,,,,,,16.1,,,,,,,,,950,,,160,,,1,,,,,,,,,,,,,,,,,,,,,,,,
07/12/1989,7,,,,,,0,,,,,,,,,,,,,,,,,,,,,,,,16.1,,,,,,,,,950,,,20,,,1,,,,,,,,,,,,,,,,,,,,,,,,
07/12/1989,8,,,,,,485,,,,,,,,,,,,,,,,,,,,,,,,17.2,,,,,,,,,950,,,40,,,2.1,,,,,,,,,,,,,,,,,,,,,,,,
07/12/1989,9,,,,,,618,,,,,,,,,,,,,,,,,,,,,,,,18.9,,,,,,,,,950,,,999,,,1,,,,,,,,,,,,,,,,,,,,,,,,
07/12/1989,10,,,,,,716,,,,,,,,,,,,,,,,,,,,,,,,21.7,,,,,,,,,950,,,80,,,2.1,,,,,,,,,,,,,,,,,,,,,,,,
07/12/1989,11,,,,,,794,,,,,,,,,,,,,,,,,,,,,,,,25,,,,,,,,,950,,,60,,,2.6,,,,,,,,,,,,,,,,,,,,,,,,
07/12/1989,12,,,,,,854,,,,,,,,,,,,,,,,,,,,,,,,28.3,,,,,,,,,949,,,0,,,0,,,,,,,,,,,,,,,,,,,,,,,,
07/12/1989,13,,,,,,889,,,,,,,,,,,,,,,,,,,,,,,,31.7,,,,,,,,,948,,,350,,,2.1,,,,,,,,,,,,,,,,,,,,,,,,
07/12/1989,14,,,,,,902,,,,,,,,,,,,,,,,,,,,,,,,34.4,,,,,,,,,948,,,999,,,1.5,,,,,,,,,,,,,,,,,,,,,,,,
07/12/1989,15,,,,,,889,,,,,,,,,,,,,,,,,,,,,,,,36.1,,,,,,,,,947,,,999,,,3.6,,,,,,,,,,,,,,,,,,,,,,,,
07/12/1989,16,,,,,,851,,,,,,,,,,,,,,,,,,,,,,,,36.7,,,,,,,,,947,,,320,,,3.1,,,,,,,,,,,,,,,,,,,,,,,,
07/12/1989,17,,,,,,791,,,,,,,,,,,,,,,,,,,,,,,,36.7,,,,,,,,,946,,,240,,,3.1,,,,,,,,,,,,,,,,,,,,,,,,
07/12/1989,18,,,,,,716,,,,,,,,,,,,,,,,,,,,,,,,35,,,,,,,,,946,,,240,,,5.1,,,,,,,,,,,,,,,,,,,,,,,,
07/12/1989,19,,,,,,615,,,,,,,,,,,,,,,,,,,,,,,,33.3,,,,,,,,,947,,,230,,,8.2,,,,,,,,,,,,,,,,,,,,,,,,
07/12/1989,20,,,,,,482,,,,,,,,,,,,,,,,,,,,,,,,30,,,,,,,,,947,,,230,,,6.2,,,,,,,,,,,,,,,,,,,,,,,,
07/12/1989,21,,,,,,0,,,,,,,,,,,,,,,,,,,,,,,,27.2,,,,,,,,,948,,,220,,,6.2,,,,,,,,,,,,,,,,,,,,,,,,
07/12/1989,22,,,,,,0,,,,,,,,,,,,,,,,,,,,,,,,25,,,,,,,,,948,,,210,,,3.1,,,,,,,,,,,,,,,,,,,,,,,,
07/12/1989,23,,,,,,0,,,,,,,,,,,,,,,,,,,,,,,,23.3,,,,,,,,,948,,,210,,,3.1,,,,,,,,,,,,,,,,,,,,,,,,
07/12/1989,24,,,,,,0,,,,,,,,,,,,,,,,,,,,,,,,21.7,,,,,,,,,948,,,210,,,3.1,,,,,,,,,,,,,,,,,,,,,,,,
07/13/1989,1,,,,,,0,,,,,,,,,,,,,,,,,,,,,,,,20.6,,,,,,,,,948,,,190,,,1,,,,,,,,,,,,,,,,,,,,,,,,
07/13/1989,2,,,,,,0,,,,,,,,,,,,,,,,,,,,,,,,19.4,,,,,,,,,948,,,0,,,0,,,,,,,,,,,,,,,,,,,,,,,,
07/13/1989,3,,,,,,0,,,,,,,,,,,,,,,,,,,,,,,,19.4,,,,,,,,,948,,,999,,,1,,,,,,,,,,,,,,,,,,,,,,,,
07/13/1989,4,,,,,,0,,,,,,,,,,,,,,,,,,,,,,,,18.9,,,,,,,,,948,,,180,,,2.1,,,,,,,,,,,,,,,,,,,,,,,,
07/13/1989,5,,,,,,0,,,,,,,,,,,,,,,,,,,,,,,,18.3,,,,,,,,,949,,,0,,,0,,,,,,,,,,,,,,,,,,,,,,,,
07/13/1989,6,,,,,,0,,,,,,,,,,,,,,,,,,,,,,,,18.3,,,,,,,,,949,,,999,,,2.6,,,,,,,,,,,,,,,,,,,,,,,,
07/13/1989,7,,,,,,0,,,,,,,,,,,,,,,,,,,,,,,,18.3,,,,,,,,,949,,,0,,,0,,,,,,,,,,,,,,,,,,,,,,,,
07/13/1989,8,,,,,,485,,,,,,,,,,,,,,,,,,,,,,,,18.9,,,,,,,,,949,,,0,,,0,,,,,,,,,,,,,,,,,,,,,,,,
07/13/1989,9,,,,,,618,,,,,,,,,,,,,,,,,,,,,,,,20.6,,,,,,,,,949,,,0,,,0,,,,,,,,,,,,,,,,,,,,,,,,
07/13/1989,10,,,,,,716,,,,,,,,,,,,,,,,,,,,,,,,22.8,,,,,,,,,948,,,30,,,2.1,,,,,,,,,,,,,,,,,,,,,,,,
07/13/1989,11,,,,,,794,,,,,,,,,,,,,,,,,,,,,,,,25,,,,,,,,,948,,,60,,,1,,,,,,,,,,,,,,,,,,,,,,,,
07/13/1989,12,,,,,,851,,,,,,,,,,,,,,,,,,,,,,,,27.2,,,,,,,,,947,,,240,,,3.1,,,,,,,,,,,,,,,,,,,,,,,,
07/13/1989,13,,,,,,889,,,,,,,,,,,,,,,,,,,,,,,,29.4,,,,,,,,,946,,,360,,,2.1,,,,,,,,,,,,,,,,,,,,,,,,
07/13/1989,14,,,,,,902,,,,,,,,,,,,,,,,,,,,,,,,32.2,,,,,,,,,945,,,280,,,1.5,,,,,,,,,,,,,,,,,,,,,,,,
07/13/1989,15,,,,,,889,,,,,,,,,,,,,,,,,,,,,,,,33.3,,,,,,,,,944,,,290,,,2.1,,,,,,,,,,,,,,,,,,,,,,,,
07/13/1989,16,,,,,,851,,,,,,,,,,,,,,,,,,,,,,,,33.9,,,,,,,,,944,,,999,,,2.6,,,,,,,,,,,,,,,,,,,,,,,,
07/13/1989,17,,,,,,791,,,,,,,,,,,,,,,,,,,,,,,,33.9,,,,,,,,,943,,,999,,,3.1,,,,,,,,,,,,,,,,,,,,,,,,
07/13/1989,18,,,,,,712,,,,,,,,,,,,,,,,,,,,,,,,32.8,,,,,,,,,943,,,999,,,3.6,,,,,,,,,,,,,,,,,,,,,,,,
07/13/1989,19,,,,,,615,,,,,,,,,,,,,,,,,,,,,,,,31.1,,,,,,,,,943,,,360,,,4.1,,,,,,,,,,,,,,,,,,,,,,,,
07/13/1989,20,,,,,,482,,,,,,,,,,,,,,,,,,,,,,,,29.4,,,,,,,,,944,,,999,,,3.6,,,,,,,,,,,,,,,,,,,,,,,,
07/13/1989,21,,,,,,0,,,,,,,,,,,,,,,,,,,,,,,,27.2,,,,,,,,,945,,,350,,,3.1,,,,,,,,,,,,,,,,,,,,,,,,
07/13/1989,22,,,,,,0,,,,,,,,,,,,,,,,,,,,,,,,25,,,,,,,,,945,,,340,,,2.1,,,,,,,,,,,,,,,,,,,,,,,,
07/13/1989,23,,,,,,0,,,,,,,,,,,,,,,,,,,,,,,,23.3,,,,,,,,,945,,,320,,,2.1,,,,,,,,,,,,,,,,,,,,,,,,
07/13/1989,24,,,,,,0,,,,,,,,,,,,,,,,,,,,,,,,22.2,,,,,,,,,945,,,280,,,2.1,,,,,,,,,,,,,,,,,,,,,,,,
07/14/1989,1,,,,,,0,,,,,,,,,,,,,,,,,,,,,,,,21.7,,,,,,,,,944,,,360,,,3.1,,,,,,,,,,,,,,,,,,,,,,,,
07/14/1989,2,,,,,,0,,,,,,,,,,,,,,,,,,,,,,,,20.6,,,,,,,,,944,,,340,,,3.1,,,,,,,,,,,,,,,,,,,,,,,,
07/14/1989,3,,,,,,0,,,,,,,,,,,,,,,,,,,,,,,,20.6,,,,,,,,,944,,,330,,,3.1,,,,,,,,,,,,,,,,,,,,,,,,
07/14/1989,4,,,,,,0,,,,,,,,,,,,,,,,,,,,,,,,20.6,,,,,,,,,944,,,90,,,1,,,,,,,,,,,,,,,,,,,,,,,,
07/14/1989,5,,,,,,0,,,,,,,,,,,,,,,,,,,,,,,,20,,,,,,,,,945,,,120,,,1,,,,,,,,,,,,,,,,,,,,,,,,
07/14/1989,6,,,,,,0,,,,,,,,,,,,,,,,,,,,,,,,20,,,,,,,,,945,,,0,,,0,,,,,,,,,,,,,,,,,,,,,,,,
07/14/1989,7,,,,,,0,,,,,,,,,,,,,,,,,,,,,,,,20,,,,,,,,,945,,,0,,,0,,,,,,,,,,,,,,,,,,,,,,,,
07/14/1989,8,,,,,,482,,,,,,,,,,,,,,,,,,,,,,,,20.6,,,,,,,,,945,,,999,,,0.5,,,,,,,,,,,,,,,,,,,,,,,,
07/14/1989,9,,,,,,618,,,,,,,,,,,,,,,,,,,,,,,,22.2,,,,,,,,,945,,,80,,,1,,,,,,,,,,,,,,,,,,,,,,,,
07/14/1989,10,,,,,,716,,,,,,,,,,,,,,,,,,,,,,,,23.9,,,,,,,,,945,,,20,,,3.1,,,,,,,,,,,,,,,,,,,,,,,,
07/14/1989,11,,,,,,794,,,,,,,,,,,,,,,,,,,,,,,,26.1,,,,,,,,,944,,,20,,,3.1,,,,,,,,,,,,,,,,,,,,,,,,
07/14/1989,12,,,,,,851,,,,,,,,,,,,,,,,,,,,,,,,28.3,,,,,,,,,943,,,340,,,2.6,,,,,,,,,,,,,,,,,,,,,,,,
07/14/1989,13,,,,,,889,,,,,,,,,,,,,,,,,,,,,,,,30.6,,,,,,,,,942,,,330,,,1,,,,,,,,,,,,,,,,,,,,,,,,
07/14/1989,14,,,,,,902,,,,,,,,,,,,,,,,,,,,,,,,32.8,,,,,,,,,942,,,350,,,1,,,,,,,,,,,,,,,,,,,,,,,,
07/14/1989,15,,,,,,889,,,,,,,,,,,,,,,,,,,,,,,,33.3,,,,,,,,,941,,,10,,,3.1,,,,,,,,,,,,,,,,,,,,,,,,
07/14/1989,16,,,,,,851,,,,,,,,,,,,,,,,,,,,,,,,33.9,,,,,,,,,941,,,50,,,2.1,,,,,,,,,,,,,,,,,,,,,,,,
07/14/1989,17,,,,,,791,,,,,,,,,,,,,,,,,,,,,,,,33.9,,,,,,,,,940,,,300,,,3.1,,,,,,,,,,,,,,,,,,,,,,,,
07/14/1989,18,,,,,,712,,,,,,,,,,,,,,,,,,,,,,,,32.8,,,,,,,,,940,,,250,,,3.6,,,,,,,,,,,,,,,,,,,,,,,,
07/14/1989,19,,,,,,615,,,,,,,,,,,,,,,,,,,,,,,,31.7,,,,,,,,,941,,,240,,,5.1,,,,,,,,,,,,,,,,,,,,,,,,
07/14/1989,20,,,,,,479,,,,,,,,,,,,,,,,,,,,,,,,30,,,,,,,,,942,,,250,,,4.1,,,,,,,,,,,,,,,,,,,,,,,,
07/14/1989,21,,,,,,0,,,,,,,,,,,,,,,,,,,,,,,,27.8,,,,,,,,,943,,,340,,,4.1,,,,,,,,,,,,,,,,,,,,,,,,
07/14/1989,22,,,,,,0,,,,,,,,,,,,,,,,,,,,,,,,26.1,,,,,,,,,943,,,350,,,3.1,,,,,,,,,,,,,,,,,,,,,,,,
07/14/1989,23,,,,,,0,,,,,,,,,,,,,,,,,,,,,,,,25,,,,,,,,,944,,,340,,,1.5,,,,,,,,,,,,,,,,,,,,,,,,
07/14/1989,24,,,,,,0,,,,,,,,,,,,,,,,,,,,,,,,23.9,,,,,,,,,943,,,0,,,0,,,,,,,,,,,,,,,,,,,,,,,,
07/15/1989,1,,,,,,0,,,,,,,,,,,,,,,,,,,,,,,,23.3,,,,,,,,,944,,,100,,,1,,,,,,,,,,,,,,,,,,,,,,,,
07/15/1989,2,,,,,,0,,,,,,,,,,,,,,,,,,,,,,,,22.2,,,,,,,,,944,,,0,,,0,,,,,,,,,,,,,,,,,,,,,,,,
07/15/1989,3,,,,,,0,,,,,,,,,,,,,,,,,,,,,,,,21.1,,,,,,,,,944,,,0,,,0,,,,,,,,,,,,,,,,,,,,,,,,
07/15/1989,4,,,,,,0,,,,,,,,,,,,,,,,,,,,,,,,19.4,,,,,,,,,944,,,170,,,2.1,,,,,,,,,,,,,,,,,,,,,,,,
07/15/1989,5,,,,,,0,,,,,,,,,,,,,,,,,,,,,,,,18.9,,,,,,,,,944,,,999,,,2.1,,,,,,,,,,,,,,,,,,,,,,,,
07/15/1989,6,,,,,,0,,,,,,,,,,,,,,,,,,,,,,,,17.8,,,,,,,,,945,,,190,,,2.1,,,,,,,,,,,,,,,,,,,,,,,,
07/15/1989,7,,,,,,0,,,,,,,,,,,,,,,,,,,,,,,,18.3,,,,,,,,,945,,,210,,,2.1,,,,,,,,,,,,,,,,,,,,,,,,
07/15/1989,8,,,,,,482,,,,,,,,,,,,,,,,,,,,,,,,18.9,,,,,,,,,946,,,220,,,3.1,,,,,,,,,,,,,,,,,,,,,,,,
07/15/1989,9,,,,,,615,,,,,,,,,,,,,,,,,,,,,,,,20.6,,,,,,,,,946,,,240,,,4.1,,,,,,,,,,,,,,,,,,,,,,,,
07/15/1989,10,,,,,,716,,,,,,,,,,,,,,,,,,,,,,,,22.2,,,,,,,,,946,,,250,,,6.2,,,,,,,,,,,,,,,,,,,,,,,,
07/15/1989,11,,,,,,791,,,,,,,,,,,,,,,,,,,,,,,,24.4,,,,,,,,,945,,,260,,,5.1,,,,,,,,,,,,,,,,,,,,,,,,
07/15/1989,12,,,,,,851,,,,,,,,,,,,,,,,,,,,,,,,26.7,,,,,,,,,945,,,240,,,5.1,,,,,,,,,,,,,,,,,,,,,,,,
07/15/1989,13,,,,,,889,,,,,,,,,,,,,,,,,,,,,,,,28.9,,,,,,,,,944,,,240,,,4.1,,,,,,,,,,,,,,,,,,,,,,,,
07/15/1989,14,,,,,,902,,,,,,,,,,,,,,,,,,,,,,,,31.1,,,,,,,,,944,,,240,,,5.1,,,,,,,,,,,,,,,,,,,,,,,,
07/15/1989,15,,,,,,889,,,,,,,,,,,,,,,,,,,,,,,,32.8,,,,,,,,,943,,,300,,,4.1,,,,,,,,,,,,,,,,,,,,,,,,
07/15/1989,16,,,,,,851,,,,,,,,,,,,,,,,,,,,,,,,33.9,,,,,,,,,943,,,230,,,3.1,,,,,,,,,,,,,,,,,,,,,,,,
07/15/1989,17,,,,,,791,,,,,,,,,,,,,,,,,,,,,,,,33.3,,,,,,,,,943,,,230,,,5.1,,,,,,,,,,,,,,,,,,,,,,,,
07/15/1989,18,,,,,,712,,,,,,,,,,,,,,,,,,,,,,,,32.2,,,,,,,,,943,,,230,,,6.2,,,,,,,,,,,,,,,,,,,,,,,,
07/15/1989,19,,,,,,615,,,,,,,,,,,,,,,,,,,,,,,,31.1,,,,,,,,,944,,,240,,,6.2,,,,,,,,,,,,,,,,,,,,,,,,
07/15/1989,20,,,,,,479,,,,,,,,,,,,,,,,,,,,,,,,28.9,,,,,,,,,945,,,240,,,5.1,,,,,,,,,,,,,,,,,,,,,,,,
07/15/1989,21,,,,,,0,,,,,,,,,,,,,,,,,,,,,,,,26.7,,,,,,,,,945,,,260,,,5.1,,,,,,,,,,,,,,,,,,,,,,,,
07/15/1989,22,,,,,,0,,,,,,,,,,,,,,,,,,,,,,,,25,,,,,,,,,946,,,260,,,3.1,,,,,,,,,,,,,,,,,,,,,,,,
07/15/1989,23,,,,,,0,,,,,,,,,,,,,,,,,,,,,,,,23.3,,,,,,,,,946,,,300,,,2.6,,,,,,,,,,,,,,,,,,,,,,,,
07/15/1989,24,,,,,,0,,,,,,,,,,,,,,,,,,,,,,,,22.2,,,,,,,,,946,,,240,,,1.5,,,,,,,,,,,,,,,,,,,,,,,,
07/16/1989,1,,,,,,0,,,,,,,,,,,,,,,,,,,,,,,,21.1,,,,,,,,,946,,,240,,,2.1,,,,,,,,,,,,,,,,,,,,,,,,
07/16/1989,2,,,,,,0,,,,,,,,,,,,,,,,,,,,,,,,19.4,,,,,,,,,946,,,230,,,4.1,,,,,,,,,,,,,,,,,,,,,,,,
07/16/1989,3,,,,,,0,,,,,,,,,,,,,,,,,,,,,,,,18.9,,,,,,,,,946,,,999,,,4.1,,,,,,,,,,,,,,,,,,,,,,,,
07/16/1989,4,,,,,,0,,,,,,,,,,,,,,,,,,,,,,,,17.8,,,,,,,,,946,,,220,,,4.1,,,,,,,,,,,,,,,,,,,,,,,,
07/16/1989,5,,,,,,0,,,,,,,,,,,,,,,,,,,,,,,,17.2,,,,,,,,,947,,,0,,,0,,,,,,,,,,,,,,,,,,,,,,,,
07/16/1989,6,,,,,,0,,,,,,,,,,,,,,,,,,,,,,,,16.7,,,,,,,,,947,,,0,,,0,,,,,,,,,,,,,,,,,,,,,,,,
07/16/1989,7,,,,,,0,,,,,,,,,,,,,,,,,,,,,,,,17.2,,,,,,,,,948,,,0,,,0,,,,,,,,,,,,,,,,,,,,,,,,
07/16/1989,8,,,,,,479,,,,,,,,,,,,,,,,,,,,,,,,17.8,,,,,,,,,949,,,0,,,0,,,,,,,,,,,,,,,,,,,,,,,,
07/16/1989,9,,,,,,615,,,,,,,,,,,,,,,,,,,,,,,,19.4,,,,,,,,,949,,,350,,,1.5,,,,,,,,,,,,,,,,,,,,,,,,
07/16/1989,10,,,,,,712,,,,,,,,,,,,,,,,,,,,,,,,21.1,,,,,,,,,948,,,320,,,1,,,,,,,,,,,,,,,,,,,,,,,,
07/16/1989,11,,,,,,791,,,,,,,,,,,,,,,,,,,,,,,,23.3,,,,,,,,,948,,,180,,,2.1,,,,,,,,,,,,,,,,,,,,,,,,
07/16/1989,12,,,,,,851,,,,,,,,,,,,,,,,,,,,,,,,26.1,,,,,,,,,947,,,270,,,2.1,,,,,,,,,,,,,,,,,,,,,,,,
07/16/1989,13,,,,,,889,,,,,,,,,,,,,,,,,,,,,,,,28.9,,,,,,,,,946,,,230,,,3.1,,,,,,,,,,,,,,,,,,,,,,,,
07/16/1989,14,,,,,,902,,,,,,,,,,,,,,,,,,,,,,,,31.1,,,,,,,,,946,,,240,,,5.1,,,,,,,,,,,,,,,,,,,,,,,,
07/16/1989,15,,,,,,889,,,,,,,,,,,,,,,,,,,,,,,,32.2,,,,,,,,,945,,,240,,,4.1,,,,,,,,,,,,,,,,,,,,,,,,
07/16/1989,16,,,,,,851,,,,,,,,,,,,,,,,,,,,,,,,32.8,,,,,,,,,945,,,230,,,3.1,,,,,,,,,,,,,,,,,,,,,,,,
07/16/1989,17,,,,,,791,,,,,,,,,,,,,,,,,,,,,,,,32.8,,,,,,,,,944,,,210,,,3.1,,,,,,,,,,,,,,,,,,,,,,,,
07/16/1989,18,,,,,,712,,,,,,,,,,,,,,,,,,,,,,,,31.7,,,,,,,,,944,,,240,,,4.1,,,,,,,,,,,,,,,,,,,,,,,,
07/16/1989,19,,,,,,615,,,,,,,,,,,,,,,,,,,,,,,,30.6,,,,,,,,,945,,,260,,,6.2,,,,,,,,,,,,,,,,,,,,,,,,
07/16/1989,20,,,,,,479,,,,,,,,,,,,,,,,,,,,,,,,28.3,,,,,,,,,945,,,270,,,3.1,,,,,,,,,,,,,,,,,,,,,,,,
07/16/1989,21,,,,,,0,,,,,,,,,,,,,,,,,,,,,,,,25.6,,,,,,,,,946,,,270,,,4.1,,,,,,,,,,,,,,,,,,,,,,,,
07/16/1989,22,,,,,,0,,,,,,,,,,,,,,,,,,,,,,,,23.9,,,,,,,,,947,,,230,,,3.1,,,,,,,,,,,,,,,,,,,,,,,,
07/16/1989,23,,,,,,0,,,,,,,,,,,,,,,,,,,,,,,,22.8,,,,,,,,,946,,,240,,,5.1,,,,,,,,,,,,,,,,,,,,,,,,
07/16/1989,24,,,,,,0,,,,,,,,,,,,,,,,,,,,,,,,21.1,,,,,,,,,946,,,220,,,5.1,,,,,,,,,,,,,,,,,,,,,,,,
07/17/1989,1,,,,,,0,,,,,,,,,,,,,,,,,,,,,,,,20.6,,,,,,,,,946,,,220,,,4.1,,,,,,,,,,,,,,,,,,,,,,,,
07/17/1989,2,,,,,,0,,,,,,,,,,,,,,,,,,,,,,,,19.4,,,,,,,,,946,,,220,,,4.1,,,,,,,,,,,,,,,,,,,,,,,,
07/17/1989,3,,,,,,0,,,,,,,,,,,,,,,,,,,,,,,,20,,,,,,,,,947,,,220,,,5.1,,,,,,,,,,,,,,,,,,,,,,,,
07/17/1989,4,,,,,,0,,,,,,,,,,,,,,,,,,,,,,,,20,,,,,,,,,947,,,220,,,2.1,,,,,,,,,,,,,,,,,,,,,,,,
07/17/1989,5,,,,,,0,,,,,,,,,,,,,,,,,,,,,,,,20,,,,,,,,,947,,,210,,,2.1,,,,,,,,,,,,,,,,,,,,,,,,
07/17/1989,6,,,,,,0,,,,,,,,,,,,,,,,,,,,,,,,20,,,,,,,,,948,,,230,,,1.5,,,,,,,,,,,,,,,,,,,,,,,,
07/17/1989,7,,,,,,0,,,,,,,,,,,,,,,,,,,,,,,,20,,,,,,,,,948,,,90,,,1,,,,,,,,,,,,,,,,,,,,,,,,
07/17/1989,8,,,,,,479,,,,,,,,,,,,,,,,,,,,,,,,20.6,,,,,,,,,948,,,60,,,1,,,,,,,,,,,,,,,,,,,,,,,,
07/17/1989,9,,,,,,615,,,,,,,,,,,,,,,,,,,,,,,,21.7,,,,,,,,,948,,,60,,,1,,,,,,,,,,,,,,,,,,,,,,,,
07/17/1989,10,,,,,,712,,,,,,,,,,,,,,,,,,,,,,,,23.3,,,,,,,,,947,,,10,,,2.1,,,,,,,,,,,,,,,,,,,,,,,,
07/17/1989,11,,,,,,791,,,,,,,,,,,,,,,,,,,,,,,,25.6,,,,,,,,,947,,,999,,,1,,,,,,,,,,,,,,,,,,,,,,,,
07/17/1989,12,,,,,,851,,,,,,,,,,,,,,,,,,,,,,,,27.8,,,,,,,,,946,,,40,,,2.1,,,,,,,,,,,,,,,,,,,,,,,,
07/17/1989,13,,,,,,889,,,,,,,,,,,,,,,,,,,,,,,,29.4,,,,,,,,,946,,,10,,,2.1,,,,,,,,,,,,,,,,,,,,,,,,
07/17/1989,14,,,,,,902,,,,,,,,,,,,,,,,,,,,,,,,31.7,,,,,,,,,945,,,10,,,2.1,,,,,,,,,,,,,,,,,,,,,,,,
07/17/1989,15,,,,,,889,,,,,,,,,,,,,,,,,,,,,,,,32.2,,,,,,,,,944,,,170,,,2.1,,,,,,,,,,,,,,,,,,,,,,,,
07/17/1989,16,,,,,,851,,,,,,,,,,,,,,,,,,,,,,,,32.8,,,,,,,,,943,,,210,,,4.1,,,,,,,,,,,,,,,,,,,,,,,,
07/17/1989,17,,,,,,791,,,,,,,,,,,,,,,,,,,,,,,,32.8,,,,,,,,,942,,,230,,,4.6,,,,,,,,,,,,,,,,,,,,,,,,
07/17/1989,18,,,,,,712,,,,,,,,,,,,,,,,,,,,,,,,32.2,,,,,,,,,943,,,280,,,4.6,,,,,,,,,,,,,,,,,,,,,,,,
07/17/1989,19,,,,,,615,,,,,,,,,,,,,,,,,,,,,,,,30.6,,,,,,,,,944,,,250,,,3.1,,,,,,,,,,,,,,,,,,,,,,,,
07/17/1989,20,,,,,,479,,,,,,,,,,,,,,,,,,,,,,,,28.9,,,,,,,,,945,,,250,,,3.1,,,,,,,,,,,,,,,,,,,,,,,,
07/17/1989,21,,,,,,0,,,,,,,,,,,,,,,,,,,,,,,,27.2,,,,,,,,,946,,,200,,,3.6,,,,,,,,,,,,,,,,,,,,,,,,
07/17/1989,22,,,,,,0,,,,,,,,,,,,,,,,,,,,,,,,25.6,,,,,,,,,946,,,210,,,6.2,,,,,,,,,,,,,,,,,,,,,,,,
07/17/1989,23,,,,,,0,,,,,,,,,,,,,,,,,,,,,,,,24.4,,,,,,,,,947,,,240,,,5.7,,,,,,,,,,,,,,,,,,,,,,,,
07/17/1989,24,,,,,,0,,,,,,,,,,,,,,,,,,,,,,,,23.3,,,,,,,,,946,,,220,,,3.1,,,,,,,,,,,,,,,,,,,,,,,,
07/18/1989,1,,,,,,0,,,,,,,,,,,,,,,,,,,,,,,,22.8,,,,,,,,,946,,,230,,,4.1,,,,,,,,,,,,,,,,,,,,,,,,
07/18/1989,2,,,,,,0,,,,,,,,,,,,,,,,,,,,,,,,22.2,,,,,,,,,946,,,90,,,1.5,,,,,,,,,,,,,,,,,,,,,,,,
07/18/1989,3,,,,,,0,,,,,,,,,,,,,,,,,,,,,,,,21.7,,,,,,,,,946,,,50,,,2.1,,,,,,,,,,,,,,,,,,,,,,,,
07/18/1989,4,,,,,,0,,,,,,,,,,,,,,,,,,,,,,,,21.7,,,,,,,,,946,,,60,,,1,,,,,,,,,,,,,,,,,,,,,,,,
07/18/1989,5,,,,,,0,,,,,,,,,,,,,,,,,,,,,,,,21.7,,,,,,,,,946,,,190,,,1.5,,,,,,,,,,,,,,,,,,,,,,,,
07/18/1989,6,,,,,,0,,,,,,,,,,,,,,,,,,,,,,,,21.7,,,,,,,,,947,,,160,,,1.5,,,,,,,,,,,,,,,,,,,,,,,,
07/18/1989,7,,,,,,0,,,,,,,,,,,,,,,,,,,,,,,,21.7,,,,,,,,,947,,,50,,,2.1,,,,,,,,,,,,,,,,,,,,,,,,
07/18/1989,8,,,,,,466,,,,,,,,,,,,,,,,,,,,,,,,22.2,,,,,,,,,947,,,20,,,2.1,,,,,,,,,,,,,,,,,,,,,,,,
07/18/1989,9,,,,,,605,,,,,,,,,,,,,,,,,,,,,,,,23.9,,,,,,,,,947,,,20,,,2.1,,,,,,,,,,,,,,,,,,,,,,,,
07/18/1989,10,,,,,,706,,,,,,,,,,,,,,,,,,,,,,,,25.6,,,,,,,,,947,,,40,,,2.1,,,,,,,,,,,,,,,,,,,,,,,,
07/18/1989,11,,,,,,785,,,,,,,,,,,,,,,,,,,,,,,,27.2,,,,,,,,,946,,,999,,,2.6,,,,,,,,,,,,,,,,,,,,,,,,
07/18/1989,12,,,,,,848,,,,,,,,,,,,,,,,,,,,,,,,29.4,,,,,,,,,946,,,999,,,3.1,,,,,,,,,,,,,,,,,,,,,,,,
07/18/1989,13,,,,,,883,,,,,,,,,,,,,,,,,,,,,,,,31.7,,,,,,,,,945,,,300,,,4.1,,,,,,,,,,,,,,,,,,,,,,,,
07/18/1989,14,,,,,,899,,,,,,,,,,,,,,,,,,,,,,,,32.8,,,,,,,,,945,,,999,,,1.5,,,,,,,,,,,,,,,,,,,,,,,,
07/18/1989,15,,,,,,886,,,,,,,,,,,,,,,,,,,,,,,,34.4,,,,,,,,,944,,,270,,,5.1,,,,,,,,,,,,,,,,,,,,,,,,
07/18/1989,16,,,,,,848,,,,,,,,,,,,,,,,,,,,,,,,35,,,,,,,,,943,,,240,,,6.2,,,,,,,,,,,,,,,,,,,,,,,,
07/18/1989,17,,,,,,788,,,,,,,,,,,,,,,,,,,,,,,,35,,,,,,,,,943,,,220,,,6.2,,,,,,,,,,,,,,,,,,,,,,,,
07/18/1989,18,,,,,,706,,,,,,,,,,,,,,,,,,,,,,,,33.9,,,,,,,,,943,,,250,,,5.1,,,,,,,,,,,,,,,,,,,,,,,,
07/18/1989,19,,,,,,605,,,,,,,,,,,,,,,,,,,,,,,,32.2,,,,,,,,,943,,,240,,,6.2,,,,,,,,,,,,,,,,,,,,,,,,
07/18/1989,20,,,,,,466,,,,,,,,,,,,,,,,,,,,,,,,30.6,,,,,,,,,943,,,230,,,6.2,,,,,,,,,,,,,,,,,,,,,,,,
07/18/1989,21,,,,,,0,,,,,,,,,,,,,,,,,,,,,,,,28.9,,,,,,,,,945,,,220,,,6.2,,,,,,,,,,,,,,,,,,,,,,,,
07/18/1989,22,,,,,,0,,,,,,,,,,,,,,,,,,,,,,,,27.2,,,,,,,,,945,,,210,,,6.2,,,,,,,,,,,,,,,,,,,,,,,,
07/18/1989,23,,,,,,0,,,,,,,,,,,,,,,,,,,,,,,,25.6,,,,,,,,,945,,,210,,,6.2,,,,,,,,,,,,,,,,,,,,,,,,
07/18/1989,24,,,,,,0,,,,,,,,,,,,,,,,,,,,,,,,25,,,,,,,,,945,,,220,,,2.1,,,,,,,,,,,,,,,,,,,,,,,,
07/19/1989,1,,,,,,0,,,,,,,,,,,,,,,,,,,,,,,,23.9,,,,,,,,,945,,,220,,,6.2,,,,,,,,,,,,,,,,,,,,,,,,
07/19/1989,2,,,,,,0,,,,,,,,,,,,,,,,,,,,,,,,23.3,,,,,,,,,945,,,240,,,6.2,,,,,,,,,,,,,,,,,,,,,,,,
07/19/1989,3,,,,,,0,,,,,,,,,,,,,,,,,,,,,,,,22.8,,,,,,,,,945,,,240,,,6.2,,,,,,,,,,,,,,,,,,,,,,,,
07/19/1989,4,,,,,,0,,,,,,,,,,,,,,,,,,,,,,,,22.2,,,,,,,,,945,,,210,,,4.1,,,,,,,,,,,,,,,,,,,,,,,,
07/19/1989,5,,,,,,0,,,,,,,,,,,,,,,,,,,,,,,,21.7,,,,,,,,,945,,,210,,,4.1,,,,,,,,,,,,,,,,,,,,,,,,
07/19/1989,6,,,,,,0,,,,,,,,,,,,,,,,,,,,,,,,21.1,,,,,,,,,946,,,210,,,2.1,,,,,,,,,,,,,,,,,,,,,,,,
07/19/1989,7,,,,,,0,,,,,,,,,,,,,,,,,,,,,,,,21.1,,,,,,,,,946,,,210,,,4.1,,,,,,,,,,,,,,,,,,,,,,,,
07/19/1989,8,,,,,,72,,,,,,,,,,,,,,,,,,,,,,,,22.2,,,,,,,,,946,,,210,,,4.6,,,,,,,,,,,,,,,,,,,,,,,,
07/19/1989,9,,,,,,66,,,,,,,,,,,,,,,,,,,,,,,,23.3,,,,,,,,,946,,,230,,,4.1,,,,,,,,,,,,,,,,,,,,,,,,
07/19/1989,10,,,,,,63,,,,,,,,,,,,,,,,,,,,,,,,25.6,,,,,,,,,946,,,230,,,4.1,,,,,,,,,,,,,,,,,,,,,,,,
07/19/1989,11,,,,,,66,,,,,,,,,,,,,,,,,,,,,,,,28.3,,,,,,,,,945,,,240,,,5.1,,,,,,,,,,,,,,,,,,,,,,,,
07/19/1989,12,,,,,,362,,,,,,,,,,,,,,,,,,,,,,,,30.6,,,,,,,,,945,,,250,,,5.1,,,,,,,,,,,,,,,,,,,,,,,,
07/19/1989,13,,,,,,772,,,,,,,,,,,,,,,,,,,,,,,,33.3,,,,,,,,,944,,,260,,,5.1,,,,,,,,,,,,,,,,,,,,,,,,
07/19/1989,14,,,,,,766,,,,,,,,,,,,,,,,,,,,,,,,36.1,,,,,,,,,943,,,270,,,6.2,,,,,,,,,,,,,,,,,,,,,,,,
07/19/1989,15,,,,,,542,,,,,,,,,,,,,,,,,,,,,,,,37.2,,,,,,,,,942,,,270,,,5.1,,,,,,,,,,,,,,,,,,,,,,,,
07/19/1989,16,,,,,,343,,,,,,,,,,,,,,,,,,,,,,,,38.3,,,,,,,,,942,,,240,,,7.2,,,,,,,,,,,,,,,,,,,,,,,,
07/19/1989,17,,,,,,176,,,,,,,,,,,,,,,,,,,,,,,,38.3,,,,,,,,,941,,,220,,,8.2,,,,,,,,,,,,,,,,,,,,,,,,
07/19/1989,18,,,,,,107,,,,,,,,,,,,,,,,,,,,,,,,37.2,,,,,,,,,941,,,230,,,9.3,,,,,,,,,,,,,,,,,,,,,,,,
07/19/1989,19,,,,,,119,,,,,,,,,,,,,,,,,,,,,,,,35,,,,,,,,,941,,,230,,,8.2,,,,,,,,,,,,,,,,,,,,,,,,
07/19/1989,20,,,,,,164,,,,,,,,,,,,,,,,,,,,,,,,33.3,,,,,,,,,942,,,220,,,8.2,,,,,,,,,,,,,,,,,,,,,,,,
07/19/1989,21,,,,,,0,,,,,,,,,,,,,,,,,,,,,,,,30.6,,,,,,,,,943,,,220,,,5.1,,,,,,,,,,,,,,,,,,,,,,,,
07/19/1989,22,,,,,,0,,,,,,,,,,,,,,,,,,,,,,,,28.3,,,,,,,,,944,,,230,,,4.1,,,,,,,,,,,,,,,,,,,,,,,,
07/19/1989,23,,,,,,0,,,,,,,,,,,,,,,,,,,,,,,,26.7,,,,,,,,,944,,,240,,,4.1,,,,,,,,,,,,,,,,,,,,,,,,
07/19/1989,24,,,,,,0,,,,,,,,,,,,,,,,,,,,,,,,25,,,,,,,,,944,,,240,,,3.1,,,,,,,,,,,,,,,,,,,,,,,,
07/20/1989,1,,,,,,0,,,,,,,,,,,,,,,,,,,,,,,,23.9,,,,,,,,,944,,,200,,,2.1,,,,,,,,,,,,,,,,,,,,,,,,
07/20/1989,2,,,,,,0,,,,,,,,,,,,,,,,,,,,,,,,23.9,,,,,,,,,944,,,200,,,2.1,,,,,,,,,,,,,,,,,,,,,,,,
07/20/1989,3,,,,,,0,,,,,,,,,,,,,,,,,,,,,,,,22.8,,,,,,,,,944,,,190,,,2.1,,,,,,,,,,,,,,,,,,,,,,,,
07/20/1989,4,,,,,,0,,,,,,,,,,,,,,,,,,,,,,,,22.8,,,,,,,,,944,,,210,,,1,,,,,,,,,,,,,,,,,,,,,,,,
07/20/1989,5,,,,,,0,,,,,,,,,,,,,,,,,,,,,,,,22.2,,,,,,,,,945,,,220,,,2.1,,,,,,,,,,,,,,,,,,,,,,,,
07/20/1989,6,,,,,,0,,,,,,,,,,,,,,,,,,,,,,,,22.2,,,,,,,,,945,,,0,,,0,,,,,,,,,,,,,,,,,,,,,,,,
07/20/1989,7,,,,,,0,,,,,,,,,,,,,,,,,,,,,,,,22.2,,,,,,,,,945,,,0,,,0,,,,,,,,,,,,,,,,,,,,,,,,
07/20/1989,8,,,,,,25,,,,,,,,,,,,,,,,,,,,,,,,22.8,,,,,,,,,945,,,0,,,0,,,,,,,,,,,,,,,,,,,,,,,,
07/20/1989,9,,,,,,66,,,,,,,,,,,,,,,,,,,,,,,,24.4,,,,,,,,,945,,,30,,,4.1,,,,,,,,,,,,,,,,,,,,,,,,
07/20/1989,10,,,,,,113,,,,,,,,,,,,,,,,,,,,,,,,26.7,,,,,,,,,945,,,330,,,3.1,,,,,,,,,,,,,,,,,,,,,,,,
07/20/1989,11,,,,,,113,,,,,,,,,,,,,,,,,,,,,,,,28.9,,,,,,,,,944,,,350,,,4.1,,,,,,,,,,,,,,,,,,,,,,,,
07/20/1989,12,,,,,,271,,,,,,,,,,,,,,,,,,,,,,,,31.7,,,,,,,,,943,,,340,,,2.6,,,,,,,,,,,,,,,,,,,,,,,,
07/20/1989,13,,,,,,328,,,,,,,,,,,,,,,,,,,,,,,,34.4,,,,,,,,,942,,,330,,,1.5,,,,,,,,,,,,,,,,,,,,,,,,
07/20/1989,14,,,,,,176,,,,,,,,,,,,,,,,,,,,,,,,36.7,,,,,,,,,941,,,360,,,2.1,,,,,,,,,,,,,,,,,,,,,,,,
07/20/1989,15,,,,,,129,,,,,,,,,,,,,,,,,,,,,,,,38.3,,,,,,,,,940,,,30,,,2.1,,,,,,,,,,,,,,,,,,,,,,,,
07/20/1989,16,,,,,,113,,,,,,,,,,,,,,,,,,,,,,,,38.9,,,,,,,,,940,,,0,,,0,,,,,,,,,,,,,,,,,,,,,,,,
07/20/1989,17,,,,,,91,,,,,,,,,,,,,,,,,,,,,,,,38.3,,,,,,,,,940,,,300,,,1.5,,,,,,,,,,,,,,,,,,,,,,,,
07/20/1989,18,,,,,,170,,,,,,,,,,,,,,,,,,,,,,,,37.8,,,,,,,,,940,,,230,,,3.1,,,,,,,,,,,,,,,,,,,,,,,,
07/20/1989,19,,,,,,198,,,,,,,,,,,,,,,,,,,,,,,,36.1,,,,,,,,,941,,,240,,,5.1,,,,,,,,,,,,,,,,,,,,,,,,
07/20/1989,20,,,,,,91,,,,,,,,,,,,,,,,,,,,,,,,33.9,,,,,,,,,941,,,240,,,5.1,,,,,,,,,,,,,,,,,,,,,,,,
07/20/1989,21,,,,,,0,,,,,,,,,,,,,,,,,,,,,,,,31.1,,,,,,,,,942,,,240,,,3.1,,,,,,,,,,,,,,,,,,,,,,,,
07/20/1989,22,,,,,,0,,,,,,,,,,,,,,,,,,,,,,,,28.9,,,,,,,,,942,,,999,,,2.6,,,,,,,,,,,,,,,,,,,,,,,,
07/20/1989,23,,,,,,0,,,,,,,,,,,,,,,,,,,,,,,,27.8,,,,,,,,,942,,,190,,,2.1,,,,,,,,,,,,,,,,,,,,,,,,
07/20/1989,24,,,,,,0,,,,,,,,,,,,,,,,,,,,,,,,26.7,,,,,,,,,942,,,200,,,1.5,,,,,,,,,,,,,,,,,,,,,,,,
07/21/1989,1,,,,,,0,,,,,,,,,,,,,,,,,,,,,,,,25.6,,,,,,,,,942,,,190,,,2.1,,,,,,,,,,,,,,,,,,,,,,,,
07/21/1989,2,,,,,,0,,,,,,,,,,,,,,,,,,,,,,,,24.4,,,,,,,,,942,,,200,,,2.1,,,,,,,,,,,,,,,,,,,,,,,,
07/21/1989,3,,,,,,0,,,,,,,,,,,,,,,,,,,,,,,,23.9,,,,,,,,,942,,,200,,,2.1,,,,,,,,,,,,,,,,,,,,,,,,
07/21/1989,4,,,,,,0,,,,,,,,,,,,,,,,,,,,,,,,23.3,,,,,,,,,943,,,0,,,0,,,,,,,,,,,,,,,,,,,,,,,,
07/21/1989,5,,,,,,0,,,,,,,,,,,,,,,,,,,,,,,,22.8,,,,,,,,,944,,,0,,,0,,,,,,,,,,,,,,,,,,,,,,,,
07/21/1989,6,,,,,,0,,,,,,,,,,,,,,,,,,,,,,,,22.2,,,,,,,,,944,,,90,,,2.1,,,,,,,,,,,,,,,,,,,,,,,,
07/21/1989,7,,,,,,0,,,,,,,,,,,,,,,,,,,,,,,,22.2,,,,,,,,,944,,,0,,,0,,,,,,,,,,,,,,,,,,,,,,,,
07/21/1989,8,,,,,,391,,,,,,,,,,,,,,,,,,,,,,,,23.3,,,,,,,,,944,,,60,,,2.1,,,,,,,,,,,,,,,,,,,,,,,,
07/21/1989,9,,,,,,451,,,,,,,,,,,,,,,,,,,,,,,,25,,,,,,,,,944,,,999,,,3.1,,,,,,,,,,,,,,,,,,,,,,,,
07/21/1989,10,,,,,,567,,,,,,,,,,,,,,,,,,,,,,,,27.2,,,,,,,,,944,,,40,,,4.1,,,,,,,,,,,,,,,,,,,,,,,,
07/21/1989,11,,,,,,750,,,,,,,,,,,,,,,,,,,,,,,,30,,,,,,,,,944,,,40,,,4.1,,,,,,,,,,,,,,,,,,,,,,,,
07/21/1989,12,,,,,,829,,,,,,,,,,,,,,,,,,,,,,,,32.8,,,,,,,,,942,,,50,,,2.1,,,,,,,,,,,,,,,,,,,,,,,,
07/21/1989,13,,,,,,826,,,,,,,,,,,,,,,,,,,,,,,,36.1,,,,,,,,,942,,,70,,,2.1,,,,,,,,,,,,,,,,,,,,,,,,
07/21/1989,14,,,,,,753,,,,,,,,,,,,,,,,,,,,,,,,38.3,,,,,,,,,942,,,130,,,2.1,,,,,,,,,,,,,,,,,,,,,,,,
07/21/1989,15,,,,,,709,,,,,,,,,,,,,,,,,,,,,,,,40.6,,,,,,,,,941,,,310,,,4.1,,,,,,,,,,,,,,,,,,,,,,,,
07/21/1989,16,,,,,,791,,,,,,,,,,,,,,,,,,,,,,,,41.1,,,,,,,,,941,,,310,,,4.1,,,,,,,,,,,,,,,,,,,,,,,,
07/21/1989,17,,,,,,807,,,,,,,,,,,,,,,,,,,,,,,,40.6,,,,,,,,,941,,,10,,,3.6,,,,,,,,,,,,,,,,,,,,,,,,
07/21/1989,18,,,,,,722,,,,,,,,,,,,,,,,,,,,,,,,39.4,,,,,,,,,941,,,310,,,2.6,,,,,,,,,,,,,,,,,,,,,,,,
07/21/1989,19,,,,,,599,,,,,,,,,,,,,,,,,,,,,,,,37.2,,,,,,,,,942,,,340,,,1,,,,,,,,,,,,,,,,,,,,,,,,
07/21/1989,20,,,,,,438,,,,,,,,,,,,,,,,,,,,,,,,35,,,,,,,,,942,,,999,,,1,,,,,,,,,,,,,,,,,,,,,,,,
07/21/1989,21,,,,,,0,,,,,,,,,,,,,,,,,,,,,,,,32.8,,,,,,,,,943,,,230,,,4.1,,,,,,,,,,,,,,,,,,,,,,,,
07/21/1989,22,,,,,,0,,,,,,,,,,,,,,,,,,,,,,,,30.6,,,,,,,,,944,,,230,,,5.1,,,,,,,,,,,,,,,,,,,,,,,,
07/21/1989,23,,,,,,0,,,,,,,,,,,,,,,,,,,,,,,,28.3,,,,,,,,,944,,,210,,,2.6,,,,,,,,,,,,,,,,,,,,,,,,
07/21/1989,24,,,,,,0,,,,,,,,,,,,,,,,,,,,,,,,27.2,,,,,,,,,944,,,200,,,3.1,,,,,,,,,,,,,,,,,,,,,,,,
07/22/1989,1,,,,,,0,,,,,,,,,,,,,,,,,,,,,,,,26.1,,,,,,,,,944,,,190,,,3.1,,,,,,,,,,,,,,,,,,,,,,,,
07/22/1989,2,,,,,,0,,,,,,,,,,,,,,,,,,,,,,,,25,,,,,,,,,944,,,180,,,2.6,,,,,,,,,,,,,,,,,,,,,,,,
07/22/1989,3,,,,,,0,,,,,,,,,,,,,,,,,,,,,,,,24.4,,,,,,,,,944,,,190,,,2.6,,,,,,,,,,,,,,,,,,,,,,,,
07/22/1989,4,,,,,,0,,,,,,,,,,,,,,,,,,,,,,,,23.3,,,,,,,,,944,,,170,,,1,,,,,,,,,,,,,,,,,,,,,,,,
07/22/1989,5,,,,,,0,,,,,,,,,,,,,,,,,,,,,,,,22.2,,,,,,,,,945,,,999,,,1.5,,,,,,,,,,,,,,,,,,,,,,,,
07/22/1989,6,,,,,,0,,,,,,,,,,,,,,,,,,,,,,,,22.2,,,,,,,,,945,,,20,,,2.6,,,,,,,,,,,,,,,,,,,,,,,,
07/22/1989,7,,,,,,0,,,,,,,,,,,,,,,,,,,,,,,,22.2,,,,,,,,,946,,,50,,,1,,,,,,,,,,,,,,,,,,,,,,,,
07/22/1989,8,,,,,,132,,,,,,,,,,,,,,,,,,,,,,,,22.8,,,,,,,,,946,,,999,,,1,,,,,,,,,,,,,,,,,,,,,,,,
07/22/1989,9,,,,,,145,,,,,,,,,,,,,,,,,,,,,,,,24.4,,,,,,,,,946,,,90,,,1,,,,,,,,,,,,,,,,,,,,,,,,
07/22/1989,10,,,,,,268,,,,,,,,,,,,,,,,,,,,,,,,26.7,,,,,,,,,946,,,90,,,1.5,,,,,,,,,,,,,,,,,,,,,,,,
07/22/1989,11,,,,,,403,,,,,,,,,,,,,,,,,,,,,,,,29.4,,,,,,,,,945,,,30,,,2.1,,,,,,,,,,,,,,,,,,,,,,,,
07/22/1989,12,,,,,,634,,,,,,,,,,,,,,,,,,,,,,,,31.7,,,,,,,,,945,,,30,,,2.1,,,,,,,,,,,,,,,,,,,,,,,,
07/22/1989,13,,,,,,599,,,,,,,,,,,,,,,,,,,,,,,,35,,,,,,,,,944,,,360,,,3.1,,,,,,,,,,,,,,,,,,,,,,,,
07/22/1989,14,,,,,,583,,,,,,,,,,,,,,,,,,,,,,,,36.7,,,,,,,,,944,,,320,,,2.1,,,,,,,,,,,,,,,,,,,,,,,,
07/22/1989,15,,,,,,709,,,,,,,,,,,,,,,,,,,,,,,,38.3,,,,,,,,,944,,,360,,,4.1,,,,,,,,,,,,,,,,,,,,,,,,
07/22/1989,16,,,,,,552,,,,,,,,,,,,,,,,,,,,,,,,39.4,,,,,,,,,944,,,360,,,3.1,,,,,,,,,,,,,,,,,,,,,,,,
07/22/1989,17,,,,,,406,,,,,,,,,,,,,,,,,,,,,,,,39.4,,,,,,,,,944,,,30,,,3.1,,,,,,,,,,,,,,,,,,,,,,,,
07/22/1989,18,,,,,,406,,,,,,,,,,,,,,,,,,,,,,,,38.3,,,,,,,,,944,,,360,,,4.1,,,,,,,,,,,,,,,,,,,,,,,,
07/22/1989,19,,,,,,362,,,,,,,,,,,,,,,,,,,,,,,,36.1,,,,,,,,,944,,,320,,,3.1,,,,,,,,,,,,,,,,,,,,,,,,
07/22/1989,20,,,,,,107,,,,,,,,,,,,,,,,,,,,,,,,33.9,,,,,,,,,945,,,270,,,4.1,,,,,,,,,,,,,,,,,,,,,,,,
07/22/1989,21,,,,,,0,,,,,,,,,,,,,,,,,,,,,,,,31.1,,,,,,,,,946,,,240,,,4.1,,,,,,,,,,,,,,,,,,,,,,,,
07/22/1989,22,,,,,,0,,,,,,,,,,,,,,,,,,,,,,,,29.4,,,,,,,,,946,,,240,,,3.1,,,,,,,,,,,,,,,,,,,,,,,,
07/22/1989,23,,,,,,0,,,,,,,,,,,,,,,,,,,,,,,,27.8,,,,,,,,,946,,,240,,,3.1,,,,,,,,,,,,,,,,,,,,,,,,
07/22/1989,24,,,,,,0,,,,,,,,,,,,,,,,,,,,,,,,26.1,,,,,,,,,946,,,260,,,5.1,,,,,,,,,,,,,,,,,,,,,,,,
07/23/1989,1,,,,,,0,,,,,,,,,,,,,,,,,,,,,,,,25.6,,,,,,,,,946,,,230,,,2.1,,,,,,,,,,,,,,,,,,,,,,,,
07/23/1989,2,,,,,,0,,,,,,,,,,,,,,,,,,,,,,,,25,,,,,,,,,946,,,260,,,2.1,,,,,,,,,,,,,,,,,,,,,,,,
07/23/1989,3,,,,,,0,,,,,,,,,,,,,,,,,,,,,,,,24.4,,,,,,,,,946,,,240,,,3.1,,,,,,,,,,,,,,,,,,,,,,,,
07/23/1989,4,,,,,,0,,,,,,,,,,,,,,,,,,,,,,,,23.3,,,,,,,,,947,,,0,,,0,,,,,,,,,,,,,,,,,,,,,,,,
07/23/1989,5,,,,,,0,,,,,,,,,,,,,,,,,,,,,,,,23.3,,,,,,,,,947,,,0,,,0,,,,,,,,,,,,,,,,,,,,,,,,
07/23/1989,6,,,,,,0,,,,,,,,,,,,,,,,,,,,,,,,22.8,,,,,,,,,947,,,0,,,0,,,,,,,,,,,,,,,,,,,,,,,,
07/23/1989,7,,,,,,0,,,,,,,,,,,,,,,,,,,,,,,,22.8,,,,,,,,,948,,,120,,,1.5,,,,,,,,,,,,,,,,,,,,,,,,
07/23/1989,8,,,,,,28,,,,,,,,,,,,,,,,,,,,,,,,23.9,,,,,,,,,948,,,0,,,0,,,,,,,,,,,,,,,,,,,,,,,,
07/23/1989,9,,,,,,28,,,,,,,,,,,,,,,,,,,,,,,,25,,,,,,,,,947,,,999,,,1.5,,,,,,,,,,,,,,,,,,,,,,,,
07/23/1989,10,,,,,,25,,,,,,,,,,,,,,,,,,,,,,,,26.7,,,,,,,,,947,,,360,,,1,,,,,,,,,,,,,,,,,,,,,,,,
07/23/1989,11,,,,,,25,,,,,,,,,,,,,,,,,,,,,,,,28.9,,,,,,,,,947,,,999,,,1,,,,,,,,,,,,,,,,,,,,,,,,
07/23/1989,12,,,,,,34,,,,,,,,,,,,,,,,,,,,,,,,30.6,,,,,,,,,946,,,340,,,3.6,,,,,,,,,,,,,,,,,,,,,,,,
07/23/1989,13,,,,,,41,,,,,,,,,,,,,,,,,,,,,,,,32.8,,,,,,,,,945,,,350,,,4.1,,,,,,,,,,,,,,,,,,,,,,,,
07/23/1989,14,,,,,,28,,,,,,,,,,,,,,,,,,,,,,,,34.4,,,,,,,,,945,,,300,,,4.1,,,,,,,,,,,,,,,,,,,,,,,,
07/23/1989,15,,,,,,15,,,,,,,,,,,,,,,,,,,,,,,,35.6,,,,,,,,,944,,,280,,,4.1,,,,,,,,,,,,,,,,,,,,,,,,
07/23/1989,16,,,,,,12,,,,,,,,,,,,,,,,,,,,,,,,36.1,,,,,,,,,943,,,270,,,5.1,,,,,,,,,,,,,,,,,,,,,,,,
07/23/1989,17,,,,,,18,,,,,,,,,,,,,,,,,,,,,,,,36.7,,,,,,,,,943,,,230,,,7.2,,,,,,,,,,,,,,,,,,,,,,,,
07/23/1989,18,,,,,,22,,,,,,,,,,,,,,,,,,,,,,,,35.6,,,,,,,,,943,,,230,,,7.2,,,,,,,,,,,,,,,,,,,,,,,,
07/23/1989,19,,,,,,15,,,,,,,,,,,,,,,,,,,,,,,,34.4,,,,,,,,,944,,,230,,,8.2,,,,,,,,,,,,,,,,,,,,,,,,
07/23/1989,20,,,,,,15,,,,,,,,,,,,,,,,,,,,,,,,32.2,,,,,,,,,945,,,250,,,8.2,,,,,,,,,,,,,,,,,,,,,,,,
07/23/1989,21,,,,,,0,,,,,,,,,,,,,,,,,,,,,,,,30.6,,,,,,,,,945,,,250,,,6.2,,,,,,,,,,,,,,,,,,,,,,,,
07/23/1989,22,,,,,,0,,,,,,,,,,,,,,,,,,,,,,,,28.9,,,,,,,,,945,,,230,,,4.1,,,,,,,,,,,,,,,,,,,,,,,,
07/23/1989,23,,,,,,0,,,,,,,,,,,,,,,,,,,,,,,,27.2,,,,,,,,,945,,,250,,,3.6,,,,,,,,,,,,,,,,,,,,,,,,
07/23/1989,24,,,,,,0,,,,,,,,,,,,,,,,,,,,,,,,26.1,,,,,,,,,945,,,210,,,2.1,,,,,,,,,,,,,,,,,,,,,,,,
07/24/1989,1,,,,,,0,,,,,,,,,,,,,,,,,,,,,,,,25.6,,,,,,,,,945,,,210,,,2.1,,,,,,,,,,,,,,,,,,,,,,,,
07/24/1989,2,,,,,,0,,,,,,,,,,,,,,,,,,,,,,,,25,,,,,,,,,945,,,0,,,0,,,,,,,,,,,,,,,,,,,,,,,,
07/24/1989,3,,,,,,0,,,,,,,,,,,,,,,,,,,,,,,,24.4,,,,,,,,,945,,,20,,,2.6,,,,,,,,,,,,,,,,,,,,,,,,
07/24/1989,4,,,,,,0,,,,,,,,,,,,,,,,,,,,,,,,23.9,,,,,,,,,945,,,30,,,3.1,,,,,,,,,,,,,,,,,,,,,,,,
07/24/1989,5,,,,,,0,,,,,,,,,,,,,,,,,,,,,,,,23.3,,,,,,,,,945,,,20,,,3.1,,,,,,,,,,,,,,,,,,,,,,,,
07/24/1989,6,,,,,,0,,,,,,,,,,,,,,,,,,,,,,,,22.8,,,,,,,,,946,,,60,,,1,,,,,,,,,,,,,,,,,,,,,,,,
07/24/1989,7,,,,,,0,,,,,,,,,,,,,,,,,,,,,,,,23.3,,,,,,,,,946,,,70,,,2.1,,,,,,,,,,,,,,,,,,,,,,,,
07/24/1989,8,,,,,,470,,,,,,,,,,,,,,,,,,,,,,,,23.3,,,,,,,,,946,,,30,,,3.1,,,,,,,,,,,,,,,,,,,,,,,,
07/24/1989,9,,,,,,608,,,,,,,,,,,,,,,,,,,,,,,,25,,,,,,,,,945,,,30,,,4.1,,,,,,,,,,,,,,,,,,,,,,,,
07/24/1989,10,,,,,,709,,,,,,,,,,,,,,,,,,,,,,,,27.2,,,,,,,,,945,,,30,,,3.1,,,,,,,,,,,,,,,,,,,,,,,,
07/24/1989,11,,,,,,788,,,,,,,,,,,,,,,,,,,,,,,,28.9,,,,,,,,,945,,,280,,,2.1,,,,,,,,,,,,,,,,,,,,,,,,
07/24/1989,12,,,,,,848,,,,,,,,,,,,,,,,,,,,,,,,31.7,,,,,,,,,945,,,50,,,2.6,,,,,,,,,,,,,,,,,,,,,,,,
07/24/1989,13,,,,,,886,,,,,,,,,,,,,,,,,,,,,,,,34.4,,,,,,,,,943,,,250,,,3.1,,,,,,,,,,,,,,,,,,,,,,,,
07/24/1989,14,,,,,,899,,,,,,,,,,,,,,,,,,,,,,,,36.1,,,,,,,,,942,,,20,,,2.1,,,,,,,,,,,,,,,,,,,,,,,,
07/24/1989,15,,,,,,886,,,,,,,,,,,,,,,,,,,,,,,,37.2,,,,,,,,,942,,,300,,,2.1,,,,,,,,,,,,,,,,,,,,,,,,
07/24/1989,16,,,,,,851,,,,,,,,,,,,,,,,,,,,,,,,38.3,,,,,,,,,941,,,300,,,2.1,,,,,,,,,,,,,,,,,,,,,,,,
07/24/1989,17,,,,,,791,,,,,,,,,,,,,,,,,,,,,,,,38.3,,,,,,,,,941,,,340,,,2.1,,,,,,,,,,,,,,,,,,,,,,,,
07/24/1989,18,,,,,,712,,,,,,,,,,,,,,,,,,,,,,,,37.2,,,,,,,,,941,,,260,,,2.1,,,,,,,,,,,,,,,,,,,,,,,,
07/24/1989,19,,,,,,611,,,,,,,,,,,,,,,,,,,,,,,,35.6,,,,,,,,,941,,,280,,,2.1,,,,,,,,,,,,,,,,,,,,,,,,
07/24/1989,20,,,,,,473,,,,,,,,,,,,,,,,,,,,,,,,33.3,,,,,,,,,942,,,250,,,2.1,,,,,,,,,,,,,,,,,,,,,,,,
07/24/1989,21,,,,,,0,,,,,,,,,,,,,,,,,,,,,,,,31.7,,,,,,,,,943,,,240,,,2.6,,,,,,,,,,,,,,,,,,,,,,,,
07/24/1989,22,,,,,,0,,,,,,,,,,,,,,,,,,,,,,,,29.4,,,,,,,,,942,,,250,,,3.1,,,,,,,,,,,,,,,,,,,,,,,,
07/24/1989,23,,,,,,0,,,,,,,,,,,,,,,,,,,,,,,,28.3,,,,,,,,,943,,,220,,,2.1,,,,,,,,,,,,,,,,,,,,,,,,
07/24/1989,24,,,,,,0,,,,,,,,,,,,,,,,,,,,,,,,27.2,,,,,,,,,943,,,250,,,3.1,,,,,,,,,,,,,,,,,,,,,,,,
07/25/1989,1,,,,,,0,,,,,,,,,,,,,,,,,,,,,,,,26.1,,,,,,,,,942,,,250,,,3.1,,,,,,,,,,,,,,,,,,,,,,,,
07/25/1989,2,,,,,,0,,,,,,,,,,,,,,,,,,,,,,,,25,,,,,,,,,942,,,220,,,3.1,,,,,,,,,,,,,,,,,,,,,,,,
07/25/1989,3,,,,,,0,,,,,,,,,,,,,,,,,,,,,,,,24.4,,,,,,,,,943,,,210,,,2.1,,,,,,,,,,,,,,,,,,,,,,,,
07/25/1989,4,,,,,,0,,,,,,,,,,,,,,,,,,,,,,,,23.3,,,,,,,,,943,,,230,,,2.1,,,,,,,,,,,,,,,,,,,,,,,,
07/25/1989,5,,,,,,0,,,,,,,,,,,,,,,,,,,,,,,,22.8,,,,,,,,,943,,,0,,,0,,,,,,,,,,,,,,,,,,,,,,,,
07/25/1989,6,,,,,,0,,,,,,,,,,,,,,,,,,,,,,,,22.2,,,,,,,,,944,,,0,,,0,,,,,,,,,,,,,,,,,,,,,,,,
07/25/1989,7,,,,,,0,,,,,,,,,,,,,,,,,,,,,,,,22.2,,,,,,,,,944,,,50,,,3.1,,,,,,,,,,,,,,,,,,,,,,,,
07/25/1989,8,,,,,,463,,,,,,,,,,,,,,,,,,,,,,,,22.8,,,,,,,,,944,,,30,,,3.1,,,,,,,,,,,,,,,,,,,,,,,,
07/25/1989,9,,,,,,608,,,,,,,,,,,,,,,,,,,,,,,,24.4,,,,,,,,,943,,,30,,,4.1,,,,,,,,,,,,,,,,,,,,,,,,
07/25/1989,10,,,,,,709,,,,,,,,,,,,,,,,,,,,,,,,26.1,,,,,,,,,943,,,90,,,4.1,,,,,,,,,,,,,,,,,,,,,,,,
07/25/1989,11,,,,,,788,,,,,,,,,,,,,,,,,,,,,,,,28.3,,,,,,,,,943,,,100,,,5.1,,,,,,,,,,,,,,,,,,,,,,,,
07/25/1989,12,,,,,,848,,,,,,,,,,,,,,,,,,,,,,,,31.1,,,,,,,,,942,,,100,,,2.1,,,,,,,,,,,,,,,,,,,,,,,,
07/25/1989,13,,,,,,886,,,,,,,,,,,,,,,,,,,,,,,,33.3,,,,,,,,,942,,,120,,,3.1,,,,,,,,,,,,,,,,,,,,,,,,
07/25/1989,14,,,,,,899,,,,,,,,,,,,,,,,,,,,,,,,35.6,,,,,,,,,941,,,999,,,2.1,,,,,,,,,,,,,,,,,,,,,,,,
07/25/1989,15,,,,,,886,,,,,,,,,,,,,,,,,,,,,,,,36.7,,,,,,,,,940,,,0,,,0,,,,,,,,,,,,,,,,,,,,,,,,
07/25/1989,16,,,,,,848,,,,,,,,,,,,,,,,,,,,,,,,37.8,,,,,,,,,939,,,330,,,3.1,,,,,,,,,,,,,,,,,,,,,,,,
07/25/1989,17,,,,,,788,,,,,,,,,,,,,,,,,,,,,,,,37.8,,,,,,,,,939,,,270,,,7.2,,,,,,,,,,,,,,,,,,,,,,,,
07/25/1989,18,,,,,,709,,,,,,,,,,,,,,,,,,,,,,,,36.7,,,,,,,,,939,,,250,,,3.1,,,,,,,,,,,,,,,,,,,,,,,,
07/25/1989,19,,,,,,608,,,,,,,,,,,,,,,,,,,,,,,,35,,,,,,,,,940,,,230,,,4.1,,,,,,,,,,,,,,,,,,,,,,,,
07/25/1989,20,,,,,,470,,,,,,,,,,,,,,,,,,,,,,,,32.8,,,,,,,,,941,,,230,,,5.1,,,,,,,,,,,,,,,,,,,,,,,,
07/25/1989,21,,,,,,0,,,,,,,,,,,,,,,,,,,,,,,,30.6,,,,,,,,,942,,,220,,,4.1,,,,,,,,,,,,,,,,,,,,,,,,
07/25/1989,22,,,,,,0,,,,,,,,,,,,,,,,,,,,,,,,28.9,,,,,,,,,943,,,230,,,4.1,,,,,,,,,,,,,,,,,,,,,,,,
07/25/1989,23,,,,,,0,,,,,,,,,,,,,,,,,,,,,,,,27.2,,,,,,,,,943,,,260,,,3.1,,,,,,,,,,,,,,,,,,,,,,,,
07/25/1989,24,,,,,,0,,,,,,,,,,,,,,,,,,,,,,,,26.1,,,,,,,,,942,,,270,,,2.6,,,,,,,,,,,,,,,,,,,,,,,,
07/26/1989,1,,,,,,0,,,,,,,,,,,,,,,,,,,,,,,,25,,,,,,,,,943,,,280,,,2.1,,,,,,,,,,,,,,,,,,,,,,,,
07/26/1989,2,,,,,,0,,,,,,,,,,,,,,,,,,,,,,,,25,,,,,,,,,943,,,270,,,2.1,,,,,,,,,,,,,,,,,,,,,,,,
07/26/1989,3,,,,,,0,,,,,,,,,,,,,,,,,,,,,,,,25,,,,,,,,,944,,,280,,,2.1,,,,,,,,,,,,,,,,,,,,,,,,
07/26/1989,4,,,,,,0,,,,,,,,,,,,,,,,,,,,,,,,24.4,,,,,,,,,944,,,290,,,2.1,,,,,,,,,,,,,,,,,,,,,,,,
07/26/1989,5,,,,,,0,,,,,,,,,,,,,,,,,,,,,,,,23.9,,,,,,,,,944,,,290,,,1.5,,,,,,,,,,,,,,,,,,,,,,,,
07/26/1989,6,,,,,,0,,,,,,,,,,,,,,,,,,,,,,,,23.9,,,,,,,,,945,,,0,,,0,,,,,,,,,,,,,,,,,,,,,,,,
07/26/1989,7,,,,,,0,,,,,,,,,,,,,,,,,,,,,,,,24.4,,,,,,,,,945,,,0,,,0,,,,,,,,,,,,,,,,,,,,,,,,
07/26/1989,8,,,,,,463,,,,,,,,,,,,,,,,,,,,,,,,25,,,,,,,,,945,,,0,,,0,,,,,,,,,,,,,,,,,,,,,,,,
07/26/1989,9,,,,,,608,,,,,,,,,,,,,,,,,,,,,,,,25.6,,,,,,,,,945,,,999,,,2.1,,,,,,,,,,,,,,,,,,,,,,,,
07/26/1989,10,,,,,,709,,,,,,,,,,,,,,,,,,,,,,,,26.7,,,,,,,,,945,,,40,,,2.1,,,,,,,,,,,,,,,,,,,,,,,,
07/26/1989,11,,,,,,788,,,,,,,,,,,,,,,,,,,,,,,,28.9,,,,,,,,,945,,,999,,,1,,,,,,,,,,,,,,,,,,,,,,,,
07/26/1989,12,,,,,,848,,,,,,,,,,,,,,,,,,,,,,,,30.6,,,,,,,,,944,,,290,,,2.6,,,,,,,,,,,,,,,,,,,,,,,,
07/26/1989,13,,,,,,886,,,,,,,,,,,,,,,,,,,,,,,,32.2,,,,,,,,,944,,,290,,,2.1,,,,,,,,,,,,,,,,,,,,,,,,
07/26/1989,14,,,,,,899,,,,,,,,,,,,,,,,,,,,,,,,33.9,,,,,,,,,943,,,220,,,3.1,,,,,,,,,,,,,,,,,,,,,,,,
07/26/1989,15,,,,,,886,,,,,,,,,,,,,,,,,,,,,,,,35,,,,,,,,,942,,,300,,,4.1,,,,,,,,,,,,,,,,,,,,,,,,
07/26/1989,16,,,,,,848,,,,,,,,,,,,,,,,,,,,,,,,35.6,,,,,,,,,942,,,320,,,4.1,,,,,,,,,,,,,,,,,,,,,,,,
07/26/1989,17,,,,,,791,,,,,,,,,,,,,,,,,,,,,,,,35.6,,,,,,,,,941,,,250,,,4.1,,,,,,,,,,,,,,,,,,,,,,,,
07/26/1989,18,,,,,,709,,,,,,,,,,,,,,,,,,,,,,,,34.4,,,,,,,,,942,,,220,,,6.2,,,,,,,,,,,,,,,,,,,,,,,,
07/26/1989,19,,,,,,611,,,,,,,,,,,,,,,,,,,,,,,,33.3,,,,,,,,,942,,,240,,,4.1,,,,,,,,,,,,,,,,,,,,,,,,
07/26/1989,20,,,,,,470,,,,,,,,,,,,,,,,,,,,,,,,31.7,,,,,,,,,943,,,210,,,5.1,,,,,,,,,,,,,,,,,,,,,,,,
07/26/1989,21,,,,,,0,,,,,,,,,,,,,,,,,,,,,,,,30,,,,,,,,,944,,,230,,,3.1,,,,,,,,,,,,,,,,,,,,,,,,
07/26/1989,22,,,,,,0,,,,,,,,,,,,,,,,,,,,,,,,28.9,,,,,,,,,944,,,240,,,3.1,,,,,,,,,,,,,,,,,,,,,,,,
07/26/1989,23,,,,,,0,,,,,,,,,,,,,,,,,,,,,,,,27.8,,,,,,,,,945,,,220,,,2.6,,,,,,,,,,,,,,,,,,,,,,,,
07/26/1989,24,,,,,,0,,,,,,,,,,,,,,,,,,,,,,,,27.2,,,,,,,,,945,,,230,,,2.1,,,,,,,,,,,,,,,,,,,,,,,,
07/27/1989,1,,,,,,0,,,,,,,,,,,,,,,,,,,,,,,,26.1,,,,,,,,,945,,,210,,,2.1,,,,,,,,,,,,,,,,,,,,,,,,
07/27/1989,2,,,,,,0,,,,,,,,,,,,,,,,,,,,,,,,25.6,,,,,,,,,945,,,200,,,2.1,,,,,,,,,,,,,,,,,,,,,,,,
07/27/1989,3,,,,,,0,,,,,,,,,,,,,,,,,,,,,,,,25,,,,,,,,,945,,,999,,,1.5,,,,,,,,,,,,,,,,,,,,,,,,
07/27/1989,4,,,,,,0,,,,,,,,,,,,,,,,,,,,,,,,24.4,,,,,,,,,946,,,200,,,2.1,,,,,,,,,,,,,,,,,,,,,,,,
07/27/1989,5,,,,,,0,,,,,,,,,,,,,,,,,,,,,,,,23.9,,,,,,,,,946,,,190,,,2.1,,,,,,,,,,,,,,,,,,,,,,,,
07/27/1989,6,,,,,,0,,,,,,,,,,,,,,,,,,,,,,,,23.9,,,,,,,,,947,,,0,,,0,,,,,,,,,,,,,,,,,,,,,,,,
07/27/1989,7,,,,,,0,,,,,,,,,,,,,,,,,,,,,,,,23.9,,,,,,,,,947,,,0,,,0,,,,,,,,,,,,,,,,,,,,,,,,
07/27/1989,8,,,,,,463,,,,,,,,,,,,,,,,,,,,,,,,23.9,,,,,,,,,947,,,80,,,2.1,,,,,,,,,,,,,,,,,,,,,,,,
07/27/1989,9,,,,,,605,,,,,,,,,,,,,,,,,,,,,,,,25,,,,,,,,,947,,,30,,,1.5,,,,,,,,,,,,,,,,,,,,,,,,
07/27/1989,10,,,,,,706,,,,,,,,,,,,,,,,,,,,,,,,26.1,,,,,,,,,946,,,0,,,0,,,,,,,,,,,,,,,,,,,,,,,,
07/27/1989,11,,,,,,788,,,,,,,,,,,,,,,,,,,,,,,,27.8,,,,,,,,,946,,,230,,,1.5,,,,,,,,,,,,,,,,,,,,,,,,
07/27/1989,12,,,,,,848,,,,,,,,,,,,,,,,,,,,,,,,30,,,,,,,,,945,,,350,,,2.6,,,,,,,,,,,,,,,,,,,,,,,,
07/27/1989,13,,,,,,886,,,,,,,,,,,,,,,,,,,,,,,,31.7,,,,,,,,,945,,,20,,,2.1,,,,,,,,,,,,,,,,,,,,,,,,
07/27/1989,14,,,,,,899,,,,,,,,,,,,,,,,,,,,,,,,32.8,,,,,,,,,944,,,20,,,2.1,,,,,,,,,,,,,,,,,,,,,,,,
07/27/1989,15,,,,,,886,,,,,,,,,,,,,,,,,,,,,,,,33.9,,,,,,,,,942,,,360,,,2.1,,,,,,,,,,,,,,,,,,,,,,,,
07/27/1989,16,,,,,,848,,,,,,,,,,,,,,,,,,,,,,,,34.4,,,,,,,,,942,,,360,,,2.1,,,,,,,,,,,,,,,,,,,,,,,,
07/27/1989,17,,,,,,788,,,,,,,,,,,,,,,,,,,,,,,,34.4,,,,,,,,,942,,,280,,,1.5,,,,,,,,,,,,,,,,,,,,,,,,
07/27/1989,18,,,,,,709,,,,,,,,,,,,,,,,,,,,,,,,33.3,,,,,,,,,942,,,0,,,0,,,,,,,,,,,,,,,,,,,,,,,,
07/27/1989,19,,,,,,608,,,,,,,,,,,,,,,,,,,,,,,,32.2,,,,,,,,,942,,,250,,,3.1,,,,,,,,,,,,,,,,,,,,,,,,
07/27/1989,20,,,,,,466,,,,,,,,,,,,,,,,,,,,,,,,31.1,,,,,,,,,944,,,999,,,2.6,,,,,,,,,,,,,,,,,,,,,,,,
07/27/1989,21,,,,,,0,,,,,,,,,,,,,,,,,,,,,,,,29.4,,,,,,,,,945,,,220,,,2.1,,,,,,,,,,,,,,,,,,,,,,,,
07/27/1989,22,,,,,,0,,,,,,,,,,,,,,,,,,,,,,,,28.3,,,,,,,,,945,,,200,,,2.1,,,,,,,,,,,,,,,,,,,,,,,,
07/27/1989,23,,,,,,0,,,,,,,,,,,,,,,,,,,,,,,,27.2,,,,,,,,,946,,,220,,,2.1,,,,,,,,,,,,,,,,,,,,,,,,
07/27/1989,24,,,,,,0,,,,,,,,,,,,,,,,,,,,,,,,26.7,,,,,,,,,945,,,0,,,0,,,,,,,,,,,,,,,,,,,,,,,,
07/28/1989,1,,,,,,0,,,,,,,,,,,,,,,,,,,,,,,,26.1,,,,,,,,,945,,,200,,,1,,,,,,,,,,,,,,,,,,,,,,,,
07/28/1989,2,,,,,,0,,,,,,,,,,,,,,,,,,,,,,,,25.6,,,,,,,,,945,,,190,,,1.5,,,,,,,,,,,,,,,,,,,,,,,,
07/28/1989,3,,,,,,0,,,,,,,,,,,,,,,,,,,,,,,,24.4,,,,,,,,,945,,,210,,,1.5,,,,,,,,,,,,,,,,,,,,,,,,
07/28/1989,4,,,,,,0,,,,,,,,,,,,,,,,,,,,,,,,23.9,,,,,,,,,946,,,0,,,0,,,,,,,,,,,,,,,,,,,,,,,,
07/28/1989,5,,,,,,0,,,,,,,,,,,,,,,,,,,,,,,,23.3,,,,,,,,,947,,,220,,,2.1,,,,,,,,,,,,,,,,,,,,,,,,
07/28/1989,6,,,,,,0,,,,,,,,,,,,,,,,,,,,,,,,22.8,,,,,,,,,947,,,220,,,2.1,,,,,,,,,,,,,,,,,,,,,,,,
07/28/1989,7,,,,,,0,,,,,,,,,,,,,,,,,,,,,,,,22.8,,,,,,,,,947,,,40,,,2.1,,,,,,,,,,,,,,,,,,,,,,,,
07/28/1989,8,,,,,,463,,,,,,,,,,,,,,,,,,,,,,,,23.9,,,,,,,,,947,,,120,,,1,,,,,,,,,,,,,,,,,,,,,,,,
07/28/1989,9,,,,,,605,,,,,,,,,,,,,,,,,,,,,,,,25,,,,,,,,,947,,,0,,,0,,,,,,,,,,,,,,,,,,,,,,,,
07/28/1989,10,,,,,,706,,,,,,,,,,,,,,,,,,,,,,,,26.7,,,,,,,,,946,,,0,,,0,,,,,,,,,,,,,,,,,,,,,,,,
07/28/1989,11,,,,,,788,,,,,,,,,,,,,,,,,,,,,,,,28.3,,,,,,,,,945,,,350,,,2.6,,,,,,,,,,,,,,,,,,,,,,,,
07/28/1989,12,,,,,,848,,,,,,,,,,,,,,,,,,,,,,,,30,,,,,,,,,945,,,0,,,0,,,,,,,,,,,,,,,,,,,,,,,,
07/28/1989,13,,,,,,883,,,,,,,,,,,,,,,,,,,,,,,,32.2,,,,,,,,,944,,,999,,,0.4,,,,,,,,,,,,,,,,,,,,,,,,
07/28/1989,14,,,,,,895,,,,,,,,,,,,,,,,,,,,,,,,33.9,,,,,,,,,943,,,999,,,0.9,,,,,,,,,,,,,,,,,,,,,,,,
07/28/1989,15,,,,,,886,,,,,,,,,,,,,,,,,,,,,,,,35.6,,,,,,,,,942,,,999,,,1.5,,,,,,,,,,,,,,,,,,,,,,,,
07/28/1989,16,,,,,,848,,,,,,,,,,,,,,,,,,,,,,,,36.1,,,,,,,,,941,,,999,,,1.9,,,,,,,,,,,,,,,,,,,,,,,,
07/28/1989,17,,,,,,788,,,,,,,,,,,,,,,,,,,,,,,,36.1,,,,,,,,,941,,,999,,,2,,,,,,,,,,,,,,,,,,,,,,,,
07/28/1989,18,,,,,,709,,,,,,,,,,,,,,,,,,,,,,,,35,,,,,,,,,941,,,999,,,1.8,,,,,,,,,,,,,,,,,,,,,,,,
07/28/1989,19,,,,,,608,,,,,,,,,,,,,,,,,,,,,,,,33.9,,,,,,,,,942,,,260,,,3.1,,,,,,,,,,,,,,,,,,,,,,,,
07/28/1989,20,,,,,,466,,,,,,,,,,,,,,,,,,,,,,,,32.2,,,,,,,,,943,,,260,,,3.1,,,,,,,,,,,,,,,,,,,,,,,,
07/28/1989,21,,,,,,0,,,,,,,,,,,,,,,,,,,,,,,,30.6,,,,,,,,,944,,,999,,,3.6,,,,,,,,,,,,,,,,,,,,,,,,
07/28/1989,22,,,,,,0,,,,,,,,,,,,,,,,,,,,,,,,28.9,,,,,,,,,944,,,270,,,4.1,,,,,,,,,,,,,,,,,,,,,,,,
07/28/1989,23,,,,,,0,,,,,,,,,,,,,,,,,,,,,,,,27.2,,,,,,,,,945,,,999,,,3.4,,,,,,,,,,,,,,,,,,,,,,,,
07/28/1989,24,,,,,,0,,,,,,,,,,,,,,,,,,,,,,,,26.7,,,,,,,,,944,,,999,,,2.7,,,,,,,,,,,,,,,,,,,,,,,,
07/29/1989,1,,,,,,0,,,,,,,,,,,,,,,,,,,,,,,,25.6,,,,,,,,,944,,,999,,,2.1,,,,,,,,,,,,,,,,,,,,,,,,
07/29/1989,2,,,,,,0,,,,,,,,,,,,,,,,,,,,,,,,25,,,,,,,,,944,,,999,,,1.4,,,,,,,,,,,,,,,,,,,,,,,,
07/29/1989,3,,,,,,0,,,,,,,,,,,,,,,,,,,,,,,,23.9,,,,,,,,,944,,,999,,,0.7,,,,,,,,,,,,,,,,,,,,,,,,
07/29/1989,4,,,,,,0,,,,,,,,,,,,,,,,,,,,,,,,22.2,,,,,,,,,945,,,0,,,0,,,,,,,,,,,,,,,,,,,,,,,,
07/29/1989,5,,,,,,0,,,,,,,,,,,,,,,,,,,,,,,,21.1,,,,,,,,,945,,,0,,,0,,,,,,,,,,,,,,,,,,,,,,,,
07/29/1989,6,,,,,,0,,,,,,,,,,,,,,,,,,,,,,,,20.6,,,,,,,,,945,,,0,,,0,,,,,,,,,,,,,,,,,,,,,,,,
07/29/1989,7,,,,,,0,,,,,,,,,,,,,,,,,,,,,,,,20.6,,,,,,,,,946,,,240,,,1,,,,,,,,,,,,,,,,,,,,,,,,
07/29/1989,8,,,,,,299,,,,,,,,,,,,,,,,,,,,,,,,21.7,,,,,,,,,946,,,999,,,1.2,,,,,,,,,,,,,,,,,,,,,,,,
07/29/1989,9,,,,,,375,,,,,,,,,,,,,,,,,,,,,,,,23.3,,,,,,,,,946,,,999,,,1.4,,,,,,,,,,,,,,,,,,,,,,,,
07/29/1989,10,,,,,,567,,,,,,,,,,,,,,,,,,,,,,,,25.6,,,,,,,,,946,,,999,,,1.5,,,,,,,,,,,,,,,,,,,,,,,,
07/29/1989,11,,,,,,763,,,,,,,,,,,,,,,,,,,,,,,,28.3,,,,,,,,,945,,,999,,,1.7,,,,,,,,,,,,,,,,,,,,,,,,
07/29/1989,12,,,,,,851,,,,,,,,,,,,,,,,,,,,,,,,31.1,,,,,,,,,945,,,999,,,1.9,,,,,,,,,,,,,,,,,,,,,,,,
07/29/1989,13,,,,,,842,,,,,,,,,,,,,,,,,,,,,,,,33.9,,,,,,,,,944,,,360,,,2.1,,,,,,,,,,,,,,,,,,,,,,,,
07/29/1989,14,,,,,,851,,,,,,,,,,,,,,,,,,,,,,,,36.7,,,,,,,,,942,,,360,,,2.1,,,,,,,,,,,,,,,,,,,,,,,,
07/29/1989,15,,,,,,870,,,,,,,,,,,,,,,,,,,,,,,,38.3,,,,,,,,,942,,,330,,,2.1,,,,,,,,,,,,,,,,,,,,,,,,
07/29/1989,16,,,,,,832,,,,,,,,,,,,,,,,,,,,,,,,38.9,,,,,,,,,941,,,999,,,1.8,,,,,,,,,,,,,,,,,,,,,,,,
07/29/1989,17,,,,,,794,,,,,,,,,,,,,,,,,,,,,,,,38.9,,,,,,,,,941,,,310,,,1.5,,,,,,,,,,,,,,,,,,,,,,,,
07/29/1989,18,,,,,,716,,,,,,,,,,,,,,,,,,,,,,,,37.8,,,,,,,,,941,,,999,,,1.5,,,,,,,,,,,,,,,,,,,,,,,,
07/29/1989,19,,,,,,618,,,,,,,,,,,,,,,,,,,,,,,,35.6,,,,,,,,,941,,,0,,,0,,,,,,,,,,,,,,,,,,,,,,,,
07/29/1989,20,,,,,,476,,,,,,,,,,,,,,,,,,,,,,,,33.3,,,,,,,,,942,,,999,,,0.2,,,,,,,,,,,,,,,,,,,,,,,,
07/29/1989,21,,,,,,0,,,,,,,,,,,,,,,,,,,,,,,,30.6,,,,,,,,,943,,,999,,,0.5,,,,,,,,,,,,,,,,,,,,,,,,
07/29/1989,22,,,,,,0,,,,,,,,,,,,,,,,,,,,,,,,28.3,,,,,,,,,944,,,999,,,0.7,,,,,,,,,,,,,,,,,,,,,,,,
07/29/1989,23,,,,,,0,,,,,,,,,,,,,,,,,,,,,,,,26.7,,,,,,,,,944,,,220,,,1,,,,,,,,,,,,,,,,,,,,,,,,
07/29/1989,24,,,,,,0,,,,,,,,,,,,,,,,,,,,,,,,25.6,,,,,,,,,944,,,0,,,0,,,,,,,,,,,,,,,,,,,,,,,,
07/30/1989,1,,,,,,0,,,,,,,,,,,,,,,,,,,,,,,,24.4,,,,,,,,,944,,,0,,,0,,,,,,,,,,,,,,,,,,,,,,,,
07/30/1989,2,,,,,,0,,,,,,,,,,,,,,,,,,,,,,,,23.9,,,,,,,,,944,,,0,,,0,,,,,,,,,,,,,,,,,,,,,,,,
07/30/1989,3,,,,,,0,,,,,,,,,,,,,,,,,,,,,,,,23.3,,,,,,,,,944,,,0,,,0,,,,,,,,,,,,,,,,,,,,,,,,
07/30/1989,4,,,,,,0,,,,,,,,,,,,,,,,,,,,,,,,22.8,,,,,,,,,944,,,360,,,2.1,,,,,,,,,,,,,,,,,,,,,,,,
07/30/1989,5,,,,,,0,,,,,,,,,,,,,,,,,,,,,,,,21.7,,,,,,,,,944,,,999,,,1.7,,,,,,,,,,,,,,,,,,,,,,,,
07/30/1989,6,,,,,,0,,,,,,,,,,,,,,,,,,,,,,,,21.7,,,,,,,,,945,,,999,,,1.3,,,,,,,,,,,,,,,,,,,,,,,,
07/30/1989,7,,,,,,0,,,,,,,,,,,,,,,,,,,,,,,,21.1,,,,,,,,,945,,,999,,,0.8,,,,,,,,,,,,,,,,,,,,,,,,
07/30/1989,8,,,,,,460,,,,,,,,,,,,,,,,,,,,,,,,21.7,,,,,,,,,945,,,999,,,0.4,,,,,,,,,,,,,,,,,,,,,,,,
07/30/1989,9,,,,,,605,,,,,,,,,,,,,,,,,,,,,,,,22.8,,,,,,,,,945,,,0,,,0,,,,,,,,,,,,,,,,,,,,,,,,
07/30/1989,10,,,,,,706,,,,,,,,,,,,,,,,,,,,,,,,24.4,,,,,,,,,945,,,0,,,0,,,,,,,,,,,,,,,,,,,,,,,,
07/30/1989,11,,,,,,785,,,,,,,,,,,,,,,,,,,,,,,,26.7,,,,,,,,,945,,,0,,,0,,,,,,,,,,,,,,,,,,,,,,,,
07/30/1989,12,,,,,,845,,,,,,,,,,,,,,,,,,,,,,,,28.9,,,,,,,,,944,,,999,,,2.1,,,,,,,,,,,,,,,,,,,,,,,,
07/30/1989,13,,,,,,883,,,,,,,,,,,,,,,,,,,,,,,,31.1,,,,,,,,,942,,,250,,,4.1,,,,,,,,,,,,,,,,,,,,,,,,
07/30/1989,14,,,,,,895,,,,,,,,,,,,,,,,,,,,,,,,33.3,,,,,,,,,942,,,250,,,2.6,,,,,,,,,,,,,,,,,,,,,,,,
07/30/1989,15,,,,,,883,,,,,,,,,,,,,,,,,,,,,,,,35,,,,,,,,,941,,,999,,,3.4,,,,,,,,,,,,,,,,,,,,,,,,
07/30/1989,16,,,,,,848,,,,,,,,,,,,,,,,,,,,,,,,35.6,,,,,,,,,940,,,230,,,4.1,,,,,,,,,,,,,,,,,,,,,,,,
07/30/1989,17,,,,,,788,,,,,,,,,,,,,,,,,,,,,,,,35,,,,,,,,,940,,,260,,,5.1,,,,,,,,,,,,,,,,,,,,,,,,
07/30/1989,18,,,,,,706,,,,,,,,,,,,,,,,,,,,,,,,34.4,,,,,,,,,939,,,250,,,3.1,,,,,,,,,,,,,,,,,,,,,,,,
07/30/1989,19,,,,,,608,,,,,,,,,,,,,,,,,,,,,,,,32.8,,,,,,,,,940,,,280,,,5.1,,,,,,,,,,,,,,,,,,,,,,,,
07/30/1989,20,,,,,,463,,,,,,,,,,,,,,,,,,,,,,,,30.6,,,,,,,,,942,,,250,,,5.1,,,,,,,,,,,,,,,,,,,,,,,,
07/30/1989,21,,,,,,0,,,,,,,,,,,,,,,,,,,,,,,,28.9,,,,,,,,,942,,,260,,,4.1,,,,,,,,,,,,,,,,,,,,,,,,
07/30/1989,22,,,,,,0,,,,,,,,,,,,,,,,,,,,,,,,27.2,,,,,,,,,942,,,230,,,2.1,,,,,,,,,,,,,,,,,,,,,,,,
07/30/1989,23,,,,,,0,,,,,,,,,,,,,,,,,,,,,,,,25.6,,,,,,,,,943,,,210,,,2.1,,,,,,,,,,,,,,,,,,,,,,,,
07/30/1989,24,,,,,,0,,,,,,,,,,,,,,,,,,,,,,,,24.4,,,,,,,,,943,,,999,,,1,,,,,,,,,,,,,,,,,,,,,,,,
07/31/1989,1,,,,,,0,,,,,,,,,,,,,,,,,,,,,,,,23.9,,,,,,,,,943,,,0,,,0,,,,,,,,,,,,,,,,,,,,,,,,
07/31/1989,2,,,,,,0,,,,,,,,,,,,,,,,,,,,,,,,23.3,,,,,,,,,943,,,0,,,0,,,,,,,,,,,,,,,,,,,,,,,,
07/31/1989,3,,,,,,0,,,,,,,,,,,,,,,,,,,,,,,,22.8,,,,,,,,,943,,,190,,,1.5,,,,,,,,,,,,,,,,,,,,,,,,
07/31/1989,4,,,,,,0,,,,,,,,,,,,,,,,,,,,,,,,22.2,,,,,,,,,944,,,999,,,1.5,,,,,,,,,,,,,,,,,,,,,,,,
07/31/1989,5,,,,,,0,,,,,,,,,,,,,,,,,,,,,,,,21.7,,,,,,,,,944,,,190,,,1.5,,,,,,,,,,,,,,,,,,,,,,,,
07/31/1989,6,,,,,,0,,,,,,,,,,,,,,,,,,,,,,,,20.6,,,,,,,,,945,,,0,,,0,,,,,,,,,,,,,,,,,,,,,,,,
07/31/1989,7,,,,,,0,,,,,,,,,,,,,,,,,,,,,,,,21.1,,,,,,,,,945,,,0,,,0,,,,,,,,,,,,,,,,,,,,,,,,
07/31/1989,8,,,,,,195,,,,,,,,,,,,,,,,,,,,,,,,21.7,,,,,,,,,945,,,30,,,1,,,,,,,,,,,,,,,,,,,,,,,,
07/31/1989,9,,,,,,318,,,,,,,,,,,,,,,,,,,,,,,,22.8,,,,,,,,,945,,,40,,,2.1,,,,,,,,,,,,,,,,,,,,,,,,
07/31/1989,10,,,,,,451,,,,,,,,,,,,,,,,,,,,,,,,25,,,,,,,,,945,,,30,,,3.1,,,,,,,,,,,,,,,,,,,,,,,,
07/31/1989,11,,,,,,630,,,,,,,,,,,,,,,,,,,,,,,,27.2,,,,,,,,,944,,,40,,,3.1,,,,,,,,,,,,,,,,,,,,,,,,
07/31/1989,12,,,,,,596,,,,,,,,,,,,,,,,,,,,,,,,30,,,,,,,,,943,,,350,,,3.1,,,,,,,,,,,,,,,,,,,,,,,,
07/31/1989,13,,,,,,514,,,,,,,,,,,,,,,,,,,,,,,,32.8,,,,,,,,,942,,,10,,,1,,,,,,,,,,,,,,,,,,,,,,,,
07/31/1989,14,,,,,,564,,,,,,,,,,,,,,,,,,,,,,,,35,,,,,,,,,942,,,340,,,3.1,,,,,,,,,,,,,,,,,,,,,,,,
07/31/1989,15,,,,,,621,,,,,,,,,,,,,,,,,,,,,,,,36.7,,,,,,,,,940,,,330,,,2.1,,,,,,,,,,,,,,,,,,,,,,,,
07/31/1989,16,,,,,,716,,,,,,,,,,,,,,,,,,,,,,,,37.2,,,,,,,,,940,,,350,,,2.1,,,,,,,,,,,,,,,,,,,,,,,,
07/31/1989,17,,,,,,567,,,,,,,,,,,,,,,,,,,,,,,,37.2,,,,,,,,,940,,,280,,,4.1,,,,,,,,,,,,,,,,,,,,,,,,
07/31/1989,18,,,,,,318,,,,,,,,,,,,,,,,,,,,,,,,36.1,,,,,,,,,940,,,290,,,2.6,,,,,,,,,,,,,,,,,,,,,,,,
07/31/1989,19,,,,,,220,,,,,,,,,,,,,,,,,,,,,,,,34.4,,,,,,,,,941,,,220,,,2.1,,,,,,,,,,,,,,,,,,,,,,,,
07/31/1989,20,,,,,,59,,,,,,,,,,,,,,,,,,,,,,,,32.2,,,,,,,,,942,,,220,,,1.5,,,,,,,,,,,,,,,,,,,,,,,,
07/31/1989,21,,,,,,0,,,,,,,,,,,,,,,,,,,,,,,,30,,,,,,,,,942,,,220,,,1,,,,,,,,,,,,,,,,,,,,,,,,
07/31/1989,22,,,,,,0,,,,,,,,,,,,,,,,,,,,,,,,27.8,,,,,,,,,942,,,300,,,2.1,,,,,,,,,,,,,,,,,,,,,,,,
07/31/1989,23,,,,,,0,,,,,,,,,,,,,,,,,,,,,,,,26.1,,,,,,,,,943,,,290,,,2.6,,,,,,,,,,,,,,,,,,,,,,,,
07/31/1989,24,,,,,,0,,,,,,,,,,,,,,,,,,,,,,,,25,,,,,,,,,942,,,210,,,2.1,,,,,,,,,,,,,,,,,,,,,,,,
